capture_date,ticker,name,signal_price,limit_price,filled,order_status,entry_date,entry_price,entry_kind,wait_days,initial_stop,target_price,trade_status,partial_exit_date,partial_exit_price,exit_date,exit_price,exit_reason,remaining_pct,return_pct,ambiguous_entry_day_target,realized_return_pct,scenario,market,baseline_return_pct,index_hold_return_pct
2026-08-24,002840,미원상사,131800.0,126528.0,False,NOT_REACHED,,,,,,,,,,,,,,0.0,False,0.0,B_DIP4_KEEP_GTC,KOSPI,5.993930197268593,1.5968439411314872
2026-08-24,028670,팬오션,6320.0,6067.2,True,FILLED,2026-08-26,6067.2,INTRADAY_LIMIT,2,5814.400000000001,7836.799999999998,CLOSED,,,2026-08-26,5610,STOP_LOSS,0.0,-7.535601265822778,False,-7.535601265822778,B_DIP4_KEEP_GTC,KOSPI,-11.234177215189877,1.5968439411314872
2026-08-24,058650,세아홀딩스,132600.0,127296.0,True,FILLED,2026-09-23,127296.0,INTRADAY_LIMIT,22,121992.0,164424.0,OPEN,,,,,,100.0,-0.7824283559577649,False,0,B_DIP4_KEEP_GTC,KOSPI,-4.751131221719462,1.5968439411314872
2026-08-25,002310,아세아제지,8560.0,8217.6,True,FILLED,2026-08-27,8217.6,INTRADAY_LIMIT,2,7875.200000000001,10614.399999999998,CLOSED,,,2026-09-30,7850,STOP_LOSS,0.0,-4.473325545171347,False,-4.473325545171347,B_DIP4_KEEP_GTC,KOSPI,-8.294392523364492,0.9070496563711394
2026-08-25,078930,GS,121800.0,116928.0,True,FILLED,2026-08-26,116928.0,INTRADAY_LIMIT,1,112056.0,151032.0,CLOSED,,,2026-09-16,112000,STOP_LOSS,0.0,-4.214559386973182,False,-4.214559386973182,B_DIP4_KEEP_GTC,KOSPI,-8.045977011494255,0.9070496563711394
2026-08-25,080580,오킨스전자,19400.0,18624.0,True,FILLED,2026-08-26,18624.0,INTRADAY_LIMIT,1,17848.0,24056.0,PARTIAL,2026-09-21,24056.0,,,,50.0,40.15786082474227,False,14.583333333333337,B_DIP4_KEEP_GTC,KOSDAQ,34.551546391752574,8.617542162848334
2026-08-25,090430,아모레퍼시픽,143300.0,137568.0,True,FILLED,2026-09-09,137568.0,INTRADAY_LIMIT,11,131836.0,177692.0,OPEN,,,,,,100.0,0.6774831356129329,False,0,B_DIP4_KEEP_GTC,KOSPI,-3.3496161898115884,0.9070496563711394
2026-08-25,122900,아이마켓코리아,8350.0,8016.0,True,FILLED,2026-09-09,8016.0,INTRADAY_LIMIT,11,7682.0,10354.0,OPEN,,,,,,100.0,2.6696606786427157,False,0,B_DIP4_KEEP_GTC,KOSPI,-1.4371257485029987,0.9070496563711394
2026-08-25,123330,제닉,32200.0,30912.0,True,FILLED,2026-09-07,30912.0,INTRADAY_LIMIT,9,29624.0,39928.0,CLOSED,,,2026-09-07,28350,STOP_LOSS,0.0,-8.288043478260864,False,-8.288043478260864,B_DIP4_KEEP_GTC,KOSDAQ,-11.956521739130432,8.617542162848334
2026-08-25,161890,한국콜마,150000.0,144000.0,True,FILLED,2026-08-27,144000.0,INTRADAY_LIMIT,2,138000.0,186000.0,CLOSED,,,2026-09-11,137200,STOP_LOSS_GAP,0.0,-4.722222222222228,False,-4.722222222222228,B_DIP4_KEEP_GTC,KOSPI,-8.533333333333337,0.9070496563711394
2026-08-25,257720,실리콘투,51900.0,49824.0,True,FILLED,2026-08-27,48250,OPEN_BETTER_THAN_LIMIT,2,47748.0,64356.0,CLOSED,,,2026-09-07,47150,STOP_LOSS,0.0,-2.2797927461139844,False,-2.2797927461139844,B_DIP4_KEEP_GTC,KOSDAQ,-9.152215799614638,8.617542162848334
2026-08-25,278470,에이피알,440500.0,422880.0,True,FILLED,2026-09-02,422880.0,INTRADAY_LIMIT,6,405260.0,546220.0,CLOSED,,,2026-09-04,394000,STOP_LOSS,0.0,-6.829360575104049,False,-6.829360575104049,B_DIP4_KEEP_GTC,KOSPI,-10.556186152099889,0.9070496563711394
2026-08-25,280360,롯데웰푸드,135200.0,129792.0,True,FILLED,2026-09-16,129792.0,INTRADAY_LIMIT,16,124384.0,167648.0,CLOSED,,,2026-09-22,123900,STOP_LOSS,0.0,-4.539571005917164,False,-4.539571005917164,B_DIP4_KEEP_GTC,KOSPI,-8.357988165680474,0.9070496563711394
2026-08-26,000815,삼성화재우,425000.0,408000.0,True,FILLED,2026-09-16,408000.0,INTRADAY_LIMIT,15,391000.0,527000.0,CLOSED,,,2026-10-01,391000,STOP_LOSS,0.0,-4.1666666666666625,False,-4.1666666666666625,B_DIP4_KEEP_GTC,KOSPI,-7.9999999999999964,-0.06330592035205251
2026-08-26,003230,삼양식품,1507000.0,1446720.0,True,FILLED,2026-09-03,1446720.0,INTRADAY_LIMIT,6,1386440.0,1868680.0,CLOSED,,,2026-09-07,1330000,STOP_LOSS,0.0,-8.067905330679048,False,-8.067905330679048,B_DIP4_KEEP_GTC,KOSPI,-11.745189117451893,-0.06330592035205251
2026-08-26,003300,한일홀딩스,18350.0,17616.0,True,FILLED,2026-09-10,17616.0,INTRADAY_LIMIT,11,16882.0,22754.0,OPEN,,,,,,100.0,-3.0994550408719346,False,0,B_DIP4_KEEP_GTC,KOSPI,-6.975476839237061,-0.06330592035205251
2026-08-26,004490,세방전지,59800.0,57408.0,False,NOT_REACHED,,,,,,,,,,,,,,0.0,False,0.0,B_DIP4_KEEP_GTC,KOSPI,4.849498327759205,-0.06330592035205251
2026-08-26,006360,GS건설,37800.0,36288.0,True,FILLED,2026-08-28,36288.0,INTRADAY_LIMIT,2,34776.0,46872.0,CLOSED,,,2026-09-01,33300,STOP_LOSS,0.0,-8.234126984126988,False,-8.234126984126988,B_DIP4_KEEP_GTC,KOSPI,-11.904761904761907,-0.06330592035205251
2026-08-26,017940,E1,97700.0,93792.0,True,FILLED,2026-09-16,93792.0,INTRADAY_LIMIT,15,89884.0,121148.0,CLOSED,,,2026-10-01,88300,STOP_LOSS,0.0,-5.855510064824287,False,-5.855510064824287,B_DIP4_KEEP_GTC,KOSPI,-9.621289662231325,-0.06330592035205251
2026-08-27,006400,삼성SDI,569000.0,546240.0,True,FILLED,2026-09-02,546240.0,INTRADAY_LIMIT,4,523480.0,705560.0,CLOSED,,,2026-09-23,521000,STOP_LOSS,0.0,-4.620679554774454,False,-4.620679554774454,B_DIP4_KEEP_GTC,KOSPI,-8.435852372583474,-1.5692157682531516
2026-08-27,012750,에스원,85500.0,82080.0,True,FILLED,2026-08-28,82080.0,INTRADAY_LIMIT,1,78660.0,106020.0,OPEN,,,,,,100.0,2.0955165692007727,False,0,B_DIP4_KEEP_GTC,KOSPI,-1.9883040935672502,-1.5692157682531516
2026-08-27,029460,케이씨,38650.0,37104.0,True,FILLED,2026-08-28,37104.0,INTRADAY_LIMIT,1,35558.0,47926.0,OPEN,,,,,,100.0,27.34476067270375,False,0,B_DIP4_KEEP_GTC,KOSPI,22.25097024579561,-1.5692157682531516
2026-08-27,183190,아세아시멘트,10550.0,10128.0,True,FILLED,2026-10-01,10128.0,INTRADAY_LIMIT,23,9706.0,13082.0,OPEN,,,,,,100.0,-1.6587677725118488,False,0,B_DIP4_KEEP_GTC,KOSPI,-5.592417061611377,-1.5692157682531516
2026-08-27,222800,심텍,126900.0,121824.0,True,FILLED,2026-08-28,121824.0,INTRADAY_LIMIT,1,116748.0,157356.0,PARTIAL,2026-10-01,157356.0,,,,50.0,34.520291568163906,False,14.583333333333337,B_DIP4_KEEP_GTC,KOSDAQ,29.139479905437348,7.256013848265974
2026-08-28,035600,KG이니시스,10640.0,10214.4,True,FILLED,2026-09-07,10214.4,INTRADAY_LIMIT,6,9788.800000000001,13193.599999999997,CLOSED,,,2026-09-30,9770,STOP_LOSS,0.0,-4.35072055137844,False,-4.35072055137844,B_DIP4_KEEP_GTC,KOSDAQ,-8.176691729323304,7.158788659486404
2026-08-28,096530,씨젠,35650.0,34224.0,True,FILLED,2026-08-31,34224.0,INTRADAY_LIMIT,1,32798.0,44206.0,CLOSED,,,2026-09-02,32100,STOP_LOSS,0.0,-6.206171107994384,False,-6.206171107994384,B_DIP4_KEEP_GTC,KOSDAQ,-9.957924263674611,7.158788659486404
2026-08-28,204620,글로벌텍스프리,5960.0,5721.599999999999,True,FILLED,2026-08-31,5721.599999999999,INTRADAY_LIMIT,1,5483.2,7390.400000000001,CLOSED,,,2026-09-03,5370,STOP_LOSS,0.0,-6.14513422818791,False,-6.14513422818791,B_DIP4_KEEP_GTC,KOSDAQ,-9.899328859060407,7.158788659486404
2026-08-28,002790,아모레퍼시픽홀딩스,28000.0,26880.0,True,FILLED,2026-09-01,26880.0,INTRADAY_LIMIT,2,25760.0,34720.0,CLOSED,,,2026-09-09,25500,STOP_LOSS,0.0,-5.133928571428569,False,-5.133928571428569,B_DIP4_KEEP_GTC,KOSPI,-8.92857142857143,0.22124415220183824
2026-08-28,025000,KPX케미칼,55800.0,53568.0,True,FILLED,2026-09-10,53568.0,INTRADAY_LIMIT,9,51336.0,69192.0,OPEN,,,,,,100.0,9.393667861409805,False,0,B_DIP4_KEEP_GTC,KOSPI,5.017921146953408,0.22124415220183824
2026-08-28,044820,코스맥스비티아이,26800.0,25728.0,True,FILLED,2026-09-01,25728.0,INTRADAY_LIMIT,2,24656.0,33232.0,CLOSED,,,2026-09-03,24600,STOP_LOSS_GAP,0.0,-4.384328358208956,False,-4.384328358208956,B_DIP4_KEEP_GTC,KOSPI,-8.208955223880599,0.22124415220183824
2026-08-28,088350,한화생명,5950.0,5712.0,True,FILLED,2026-09-04,5712.0,INTRADAY_LIMIT,5,5474.0,7378.0,CLOSED,,,2026-09-30,5330,STOP_LOSS,0.0,-6.68767507002801,False,-6.68767507002801,B_DIP4_KEEP_GTC,KOSPI,-10.420168067226887,0.22124415220183824
2026-08-28,090430,아모레퍼시픽,150600.0,144576.0,True,FILLED,2026-09-01,144576.0,INTRADAY_LIMIT,2,138552.0,186744.0,CLOSED,,,2026-09-09,138300,STOP_LOSS,0.0,-4.34096945551129,False,-4.34096945551129,B_DIP4_KEEP_GTC,KOSPI,-8.16733067729084,0.22124415220183824
2026-08-28,104700,한국철강,10120.0,9715.199999999999,True,FILLED,2026-09-02,9715.199999999999,INTRADAY_LIMIT,3,9310.4,12548.800000000001,CLOSED,,,2026-09-30,9310,STOP_LOSS,0.0,-4.170783926218702,False,-4.170783926218702,B_DIP4_KEEP_GTC,KOSPI,-8.00395256916996,0.22124415220183824
2026-08-28,161890,한국콜마,161700.0,155232.0,True,FILLED,2026-09-01,155232.0,INTRADAY_LIMIT,2,148764.0,200508.0,CLOSED,,,2026-09-04,145800,STOP_LOSS,0.0,-6.076066790352508,False,-6.076066790352508,B_DIP4_KEEP_GTC,KOSPI,-9.83302411873841,0.22124415220183824
2026-08-28,192820,코스맥스,303000.0,290880.0,True,FILLED,2026-09-01,290880.0,INTRADAY_LIMIT,2,278760.0,375720.0,CLOSED,,,2026-09-02,278500,STOP_LOSS_GAP,0.0,-4.256050605060501,False,-4.256050605060501,B_DIP4_KEEP_GTC,KOSPI,-8.085808580858089,0.22124415220183824
2026-08-28,278470,에이피알,461500.0,443040.0,True,FILLED,2026-09-01,443040.0,INTRADAY_LIMIT,2,424580.0,572260.0,CLOSED,,,2026-09-02,419000,STOP_LOSS,0.0,-5.4261466233297195,False,-5.4261466233297195,B_DIP4_KEEP_GTC,KOSPI,-9.209100758396538,0.22124415220183824
2026-08-28,300720,한일시멘트,16950.0,16272.0,True,FILLED,2026-09-02,16272.0,INTRADAY_LIMIT,3,15594.0,21018.0,OPEN,,,,,,100.0,-0.5653883972468021,False,0,B_DIP4_KEEP_GTC,KOSPI,-4.542772861356936,0.22124415220183824
2026-08-31,068930,디지털대성,8660.0,8313.6,False,NOT_REACHED,,,,,,,,,,,,,,0.0,False,0.0,B_DIP4_KEEP_GTC,KOSDAQ,6.235565819861422,7.687974205611958
2026-08-31,353810,이지바이오,6830.0,6556.8,True,FILLED,2026-09-02,6556.8,INTRADAY_LIMIT,2,6283.6,8469.199999999999,CLOSED,,,2026-09-07,6160,STOP_LOSS,0.0,-6.0517325524646175,False,-6.0517325524646175,B_DIP4_KEEP_GTC,KOSDAQ,-9.809663250366029,7.687974205611958
2026-08-31,014820,동원시스템즈,23200.0,22272.0,True,FILLED,2026-09-02,22272.0,INTRADAY_LIMIT,2,21344.0,28768.0,CLOSED,,,2026-09-09,21250,STOP_LOSS_GAP,0.0,-4.588721264367813,False,-4.588721264367813,B_DIP4_KEEP_GTC,KOSPI,-8.405172413793105,-0.2363629432171832
2026-08-31,086790,하나금융지주,136300.0,130848.0,True,FILLED,2026-09-30,130848.0,INTRADAY_LIMIT,20,125396.0,169012.0,OPEN,,,,,,100.0,-1.4887503056982165,False,0,B_DIP4_KEEP_GTC,KOSPI,-5.4292002934702825,-0.2363629432171832
2026-08-31,123890,한국자산신탁,2640.0,2534.4,True,FILLED,2026-09-08,2534.4,INTRADAY_LIMIT,6,2428.8,3273.5999999999995,CLOSED,,,2026-09-23,2425,STOP_LOSS,0.0,-4.316603535353536,False,-4.316603535353536,B_DIP4_KEEP_GTC,KOSPI,-8.143939393939393,-0.2363629432171832
2026-08-31,373220,LG에너지솔루션,378000.0,362880.0,True,FILLED,2026-09-02,359500,OPEN_BETTER_THAN_LIMIT,2,347760.0,468720.0,CLOSED,,,2026-09-02,347500,STOP_LOSS,0.0,-3.3379694019471495,False,-3.3379694019471495,B_DIP4_KEEP_GTC,KOSPI,-8.06878306878307,-0.2363629432171832
2026-09-01,001060,JW중외제약,29000.0,27840.0,True,FILLED,2026-09-02,27840.0,INTRADAY_LIMIT,1,26680.0,35960.0,CLOSED,,,2026-09-11,26400,STOP_LOSS_GAP,0.0,-5.1724137931034475,False,-5.1724137931034475,B_DIP4_KEEP_GTC,KOSPI,-8.965517241379306,-0.46666081512040103
2026-09-01,089860,롯데렌탈,51400.0,49344.0,True,FILLED,2026-09-08,49344.0,INTRADAY_LIMIT,5,47288.0,63736.0,OPEN,,,,,,100.0,3.9640077821011754,False,0,B_DIP4_KEEP_GTC,KOSPI,-0.1945525291828787,-0.46666081512040103
2026-09-01,126560,현대퓨처넷,3425.0,3288.0,False,NOT_REACHED,,,,,,,,,,,,,,0.0,False,0.0,B_DIP4_KEEP_GTC,KOSPI,-1.4598540145985384,-0.46666081512040103
2026-09-02,159010,아스플로,24100.0,23136.0,True,FILLED,2026-09-08,23136.0,INTRADAY_LIMIT,4,22172.0,29884.0,CLOSED,,,2026-09-15,22000,STOP_LOSS_GAP,0.0,-4.9100968188105165,False,-4.9100968188105165,B_DIP4_KEEP_GTC,KOSDAQ,-8.713692946058094,11.747804671758
2026-09-02,377450,리파인,16800.0,16128.0,True,FILLED,2026-09-15,16128.0,INTRADAY_LIMIT,9,15456.0,20832.0,CLOSED,,,2026-09-15,14250,STOP_LOSS,0.0,-11.644345238095234,False,-11.644345238095234,B_DIP4_KEEP_GTC,KOSDAQ,-15.17857142857143,11.747804671758
2026-09-02,180640,한진칼,139100.0,133536.0,True,FILLED,2026-09-03,133536.0,INTRADAY_LIMIT,1,127972.0,172484.0,OPEN,,,,,,100.0,0.2725856697819218,False,0,B_DIP4_KEEP_GTC,KOSPI,-3.738317757009346,3.675000609503365
2026-09-03,008930,한미사이언스,51500.0,49440.0,True,FILLED,2026-09-14,49100,OPEN_BETTER_THAN_LIMIT,7,47380.0,63860.0,OPEN,,,,,,100.0,18.32993890020367,False,0,B_DIP4_KEEP_GTC,KOSPI,12.815533980582527,3.4109078529002357
2026-09-03,088350,한화생명,6110.0,5865.599999999999,True,FILLED,2026-09-04,5865.599999999999,INTRADAY_LIMIT,1,5621.2,7576.400000000001,CLOSED,,,2026-09-30,5330,STOP_LOSS,0.0,-9.131205673758858,False,-9.131205673758858,B_DIP4_KEEP_GTC,KOSPI,-12.765957446808507,3.4109078529002357
2026-09-03,145990,삼양사,47400.0,45504.0,True,FILLED,2026-09-22,45504.0,INTRADAY_LIMIT,13,43608.0,58776.0,OPEN,,,,,,100.0,1.3097749648382617,False,0,B_DIP4_KEEP_GTC,KOSPI,-2.742616033755274,3.4109078529002357
2026-09-03,306200,세아제강,147500.0,141600.0,True,FILLED,2026-09-16,141600.0,INTRADAY_LIMIT,9,135700.0,182900.0,OPEN,,,,,,100.0,4.8728813559322015,False,0,B_DIP4_KEEP_GTC,KOSPI,0.6779661016949046,3.4109078529002357
2026-09-04,031980,피에스케이홀딩스,144000.0,138240.0,False,NOT_REACHED,,,,,,,,,,,,,,0.0,False,0.0,B_DIP4_KEEP_GTC,KOSDAQ,32.833333333333336,10.440073755377988
2026-09-04,049430,코메론,22450.0,21552.0,True,FILLED,2026-09-07,21552.0,INTRADAY_LIMIT,1,20654.0,27838.0,OPEN,,,,,,100.0,1.6146993318485459,False,0,B_DIP4_KEEP_GTC,KOSDAQ,-2.4498886414253906,10.440073755377988
2026-09-04,064290,인텍플러스,40150.0,38544.0,False,NOT_REACHED,,,,,,,,,,,,,,0.0,False,0.0,B_DIP4_KEEP_GTC,KOSDAQ,34.85180572851806,10.440073755377988
2026-09-04,377450,리파인,16960.0,16281.599999999999,True,FILLED,2026-09-15,16281.599999999999,INTRADAY_LIMIT,7,15603.2,21030.399999999998,CLOSED,,,2026-09-15,14250,STOP_LOSS,0.0,-12.477889150943389,False,-12.477889150943389,B_DIP4_KEEP_GTC,KOSDAQ,-15.978773584905658,10.440073755377988
2026-09-04,002310,아세아제지,8840.0,8486.4,True,FILLED,2026-09-15,8486.4,INTRADAY_LIMIT,7,8132.8,10961.599999999999,CLOSED,,,2026-09-29,7960,STOP_LOSS,0.0,-6.202865761689291,False,-6.202865761689291,B_DIP4_KEEP_GTC,KOSPI,-9.954751131221718,1.7449728661130592
2026-09-04,004690,삼천리,136700.0,131232.0,True,FILLED,2026-09-16,131232.0,INTRADAY_LIMIT,8,125764.0,169508.0,OPEN,,,,,,100.0,-2.2342111680078047,False,0,B_DIP4_KEEP_GTC,KOSPI,-6.144842721287491,1.7449728661130592
2026-09-04,180640,한진칼,146000.0,140160.0,True,FILLED,2026-09-07,140160.0,INTRADAY_LIMIT,1,134320.0,181040.0,CLOSED,,,2026-09-11,131700,STOP_LOSS_GAP,0.0,-6.0359589041095845,False,-6.0359589041095845,B_DIP4_KEEP_GTC,KOSPI,-9.794520547945208,1.7449728661130592
2026-09-04,272450,진에어,6140.0,5894.4,True,FILLED,2026-09-14,5894.4,INTRADAY_LIMIT,6,5648.8,7613.599999999999,OPEN,,,,,,100.0,-1.092562432138977,False,0,B_DIP4_KEEP_GTC,KOSPI,-5.048859934853422,1.7449728661130592
2026-09-07,064760,티씨케이,268500.0,257760.0,True,FILLED,2026-09-09,257760.0,INTRADAY_LIMIT,2,247020.0,332940.0,OPEN,,,,,,100.0,10.567970204841703,False,0,B_DIP4_KEEP_GTC,KOSDAQ,6.145251396648055,9.272795825782353
2026-09-07,131290,티에스이,261500.0,251040.0,True,FILLED,2026-09-14,251000,OPEN_BETTER_THAN_LIMIT,5,240580.0,324260.0,CLOSED,,,2026-09-14,236000,STOP_LOSS,0.0,-5.976095617529875,False,-5.976095617529875,B_DIP4_KEEP_GTC,KOSDAQ,-9.751434034416828,9.272795825782353
2026-09-08,241770,메카로,42350.0,40656.0,True,FILLED,2026-09-14,40656.0,INTRADAY_LIMIT,4,38962.0,52514.0,CLOSED,,,2026-09-15,38750,STOP_LOSS,0.0,-4.688114915387642,False,-4.688114915387642,B_DIP4_KEEP_GTC,KOSDAQ,-8.500590318772138,10.66044242991575
2026-09-09,00088K,한화3우B,43600.0,41856.0,True,FILLED,2026-09-10,41856.0,INTRADAY_LIMIT,1,40112.0,54064.0,CLOSED,,,2026-09-21,39600,STOP_LOSS,0.0,-5.389908256880737,False,-5.389908256880737,B_DIP4_KEEP_GTC,KOSPI,-9.174311926605505,-3.5132252922724483
2026-09-09,012630,HDC,24700.0,23712.0,True,FILLED,2026-10-02,23712.0,INTRADAY_LIMIT,15,22724.0,30628.0,CLOSED,,,2026-10-07,22600,STOP_LOSS,0.0,-4.689608636977061,False,-4.689608636977061,B_DIP4_KEEP_GTC,KOSPI,-8.502024291497978,-3.5132252922724483
2026-09-09,020120,키다리스튜디오,7960.0,7641.599999999999,True,FILLED,2026-09-21,7641.599999999999,INTRADAY_LIMIT,8,7323.200000000001,9870.399999999998,CLOSED,,,2026-10-06,7140,STOP_LOSS,0.0,-6.564070351758788,False,-6.564070351758788,B_DIP4_KEEP_GTC,KOSPI,-10.301507537688437,-3.5132252922724483
2026-09-09,096770,SK이노베이션,153500.0,147360.0,True,FILLED,2026-09-11,147360.0,INTRADAY_LIMIT,2,141220.0,190340.0,CLOSED,,,2026-09-14,136700,STOP_LOSS,0.0,-7.233984799131377,False,-7.233984799131377,B_DIP4_KEEP_GTC,KOSPI,-10.94462540716612,-3.5132252922724483
2026-09-10,078340,컴투스,34850.0,33456.0,True,FILLED,2026-09-16,33456.0,INTRADAY_LIMIT,4,32062.0,43214.0,OPEN,,,,,,100.0,10.294117647058831,False,0,B_DIP4_KEEP_GTC,KOSDAQ,5.882352941176472,7.349567461645079
2026-09-10,425420,티에프이,58900.0,56544.0,True,FILLED,2026-09-11,56544.0,INTRADAY_LIMIT,1,54188.0,73036.0,CLOSED,,,2026-09-14,53300,STOP_LOSS_GAP,0.0,-5.737125070741367,False,-5.737125070741367,B_DIP4_KEEP_GTC,KOSDAQ,-9.507640067911716,7.349567461645079
2026-09-10,004690,삼천리,138000.0,132480.0,True,FILLED,2026-09-16,132480.0,INTRADAY_LIMIT,4,126960.0,171120.0,OPEN,,,,,,100.0,-3.1551932367149704,False,0,B_DIP4_KEEP_GTC,KOSPI,-7.028985507246377,-3.2701537691642857
2026-09-10,018670,SK가스,252000.0,241920.0,True,FILLED,2026-09-14,241920.0,INTRADAY_LIMIT,2,231840.0,312480.0,OPEN,,,,,,100.0,11.813822751322745,False,0,B_DIP4_KEEP_GTC,KOSPI,7.341269841269837,-3.2701537691642857
2026-09-11,005090,SGC에너지,61200.0,58752.0,True,FILLED,2026-09-14,58752.0,INTRADAY_LIMIT,1,56304.0,75888.0,CLOSED,,,2026-09-15,55300,STOP_LOSS,0.0,-5.875544662309373,False,-5.875544662309373,B_DIP4_KEEP_GTC,KOSPI,-9.640522875816993,-1.5341733828660553
2026-09-11,030210,다올투자증권,4050.0,3888.0,True,FILLED,2026-09-16,3888.0,INTRADAY_LIMIT,3,3726.0,5022.0,OPEN,,,,,,100.0,1.9804526748971263,False,0,B_DIP4_KEEP_GTC,KOSPI,-2.0987654320987703,-1.5341733828660553
2026-09-11,294870,IPARK현대산업개발,24850.0,23856.0,True,FILLED,2026-09-16,23856.0,INTRADAY_LIMIT,3,22862.0,30814.0,CLOSED,,,2026-10-01,22650,STOP_LOSS,0.0,-5.0553319919517055,False,-5.0553319919517055,B_DIP4_KEEP_GTC,KOSPI,-8.853118712273645,-1.5341733828660553
2026-09-14,068930,디지털대성,8850.0,8496.0,False,NOT_REACHED,,,,,,,,,,,,,,0.0,False,0.0,B_DIP4_KEEP_GTC,KOSDAQ,3.9548022598870025,11.358593933985306
2026-09-14,377450,리파인,17160.0,16473.6,True,FILLED,2026-09-15,16473.6,INTRADAY_LIMIT,1,15787.2,21278.399999999998,CLOSED,,,2026-09-15,14250,STOP_LOSS,0.0,-13.49796037296036,False,-13.49796037296036,B_DIP4_KEEP_GTC,KOSDAQ,-16.95804195804196,11.358593933985306
2026-09-14,094800,맵스리얼티,7420.0,7123.2,False,NOT_REACHED,,,,,,,,,,,,,,0.0,False,0.0,B_DIP4_KEEP_GTC,KOSPI,1.0781671159029615,1.7882014310997008
2026-09-15,028100,동아지질,18690.0,17942.399999999998,False,NOT_REACHED,,,,,,,,,,,,,,0.0,False,0.0,B_DIP4_KEEP_GTC,KOSPI,5.7784911717496,2.6653549128900833
2026-09-15,453340,현대그린푸드,19400.0,18624.0,True,FILLED,2026-09-18,18624.0,INTRADAY_LIMIT,3,17848.0,24056.0,OPEN,,,,,,100.0,1.9652061855670144,False,0,B_DIP4_KEEP_GTC,KOSPI,-2.1134020618556737,2.6653549128900833
2026-09-16,219130,타이거일렉,74800.0,71808.0,True,FILLED,2026-09-17,71800,OPEN_BETTER_THAN_LIMIT,1,68816.0,92752.0,PARTIAL,2026-09-30,92752.0,,,,50.0,32.835654596100284,False,14.590529247910865,B_DIP4_KEEP_GTC,KOSDAQ,27.508021390374328,10.104414323880473
2026-09-16,001120,LX인터내셔널,41650.0,39984.0,True,FILLED,2026-09-23,39984.0,INTRADAY_LIMIT,5,38318.0,51646.0,OPEN,,,,,,100.0,9.91896758703481,False,0,B_DIP4_KEEP_GTC,KOSPI,5.522208883553414,1.2791066348911917
2026-09-18,045100,한양이엔지,32100.0,30816.0,False,NOT_REACHED,,,,,,,,,,,,,,0.0,False,0.0,B_DIP4_KEEP_GTC,KOSDAQ,4.672897196261672,8.621481768062678
2026-09-18,013580,계룡건설,23500.0,22560.0,True,FILLED,2026-09-22,22560.0,INTRADAY_LIMIT,2,21620.0,29140.0,CLOSED,,,2026-10-01,21450,STOP_LOSS,0.0,-4.9202127659574435,False,-4.9202127659574435,B_DIP4_KEEP_GTC,KOSPI,-8.723404255319146,-1.3102260876123983
2026-09-21,098120,마이크로컨텍솔,57600.0,55296.0,True,FILLED,2026-09-30,55296.0,INTRADAY_LIMIT,5,52992.0,71424.0,OPEN,,,,,,100.0,9.411168981481488,False,0,B_DIP4_KEEP_GTC,KOSDAQ,5.034722222222232,7.433006086550997
2026-09-21,252990,샘씨엔에스,18090.0,17366.399999999998,True,FILLED,2026-09-22,17366.399999999998,INTRADAY_LIMIT,1,16642.8,22431.600000000002,OPEN,,,,,,100.0,9.69458264234384,False,0,B_DIP4_KEEP_GTC,KOSDAQ,5.306799336650081,7.433006086550997
2026-09-21,000430,대원강업,5040.0,4838.4,True,FILLED,2026-09-23,4838.4,INTRADAY_LIMIT,2,4636.8,6249.599999999999,CLOSED,,,2026-09-29,4580,STOP_LOSS,0.0,-5.3406084656084545,False,-5.3406084656084545,B_DIP4_KEEP_GTC,KOSPI,-9.126984126984128,-2.90850661841513
2026-09-21,003160,디아이,35400.0,33984.0,False,NOT_REACHED,,,,,,,,,,,,,,0.0,False,0.0,B_DIP4_KEEP_GTC,KOSPI,20.6864406779661,-2.90850661841513
2026-09-21,029460,케이씨,44600.0,42816.0,True,FILLED,2026-09-22,42816.0,INTRADAY_LIMIT,1,41032.0,55304.0,OPEN,,,,,,100.0,10.355941704035864,False,0,B_DIP4_KEEP_GTC,KOSPI,5.94170403587444,-2.90850661841513
2026-09-22,059090,미코,22600.0,21696.0,True,FILLED,2026-09-29,21500,OPEN_BETTER_THAN_LIMIT,3,20792.0,28024.0,OPEN,,,,,,100.0,6.279069767441858,False,0,B_DIP4_KEEP_GTC,KOSDAQ,1.106194690265494,7.676358493731872
2026-09-22,095340,ISC,208000.0,199680.0,False,NOT_REACHED,,,,,,,,,,,,,,0.0,False,0.0,B_DIP4_KEEP_GTC,KOSDAQ,-2.644230769230771,7.676358493731872
2026-09-22,222800,심텍,148100.0,142176.0,False,NOT_REACHED,,,,,,,,,,,,,,0.0,False,0.0,B_DIP4_KEEP_GTC,KOSDAQ,15.057393652937211,7.676358493731872
2026-09-22,425420,티에프이,64400.0,61824.0,True,FILLED,2026-09-29,61824.0,INTRADAY_LIMIT,3,59248.0,79856.0,OPEN,,,,,,100.0,4.813664596273282,False,0,B_DIP4_KEEP_GTC,KOSDAQ,0.6211180124223503,7.676358493731872
2026-09-22,003490,대한항공,31400.0,30144.0,False,NOT_REACHED,,,,,,,,,,,,,,0.0,False,0.0,B_DIP4_KEEP_GTC,KOSPI,-1.7515923566879033,-3.0494833932039667
2026-09-22,020560,아시아나항공,8370.0,8035.2,False,NOT_REACHED,,,,,,,,,,,,,,0.0,False,0.0,B_DIP4_KEEP_GTC,KOSPI,-1.5531660692950977,-3.0494833932039667
2026-09-23,017890,한국알콜,15390.0,14774.4,False,NOT_REACHED,,,,,,,,,,,,,,0.0,False,0.0,B_DIP4_KEEP_GTC,KOSDAQ,4.483430799220267,6.388546798029537
2026-09-23,084370,유진테크,163600.0,157056.0,True,FILLED,2026-09-28,157056.0,INTRADAY_LIMIT,1,150512.0,202864.0,OPEN,,,,,,100.0,7.604930725346382,False,0,B_DIP4_KEEP_GTC,KOSDAQ,3.3007334963325086,6.388546798029537
2026-09-23,114810,한솔아이원스,14770.0,14179.199999999999,False,NOT_REACHED,,,,,,,,,,,,,,0.0,False,0.0,B_DIP4_KEEP_GTC,KOSDAQ,-0.9478672985781977,6.388546798029537
2026-09-23,417840,저스템,17080.0,16396.8,False,NOT_REACHED,,,,,,,,,,,,,,0.0,False,0.0,B_DIP4_KEEP_GTC,KOSDAQ,10.070257611241207,6.388546798029537
2026-09-23,446540,메가터치,10900.0,10464.0,True,FILLED,2026-09-28,10464.0,INTRADAY_LIMIT,1,10028.0,13516.0,OPEN,,,,,,100.0,5.026758409785925,False,0,B_DIP4_KEEP_GTC,KOSDAQ,0.8256880733944927,6.388546798029537
2026-09-23,006120,SK디스커버리,60300.0,57888.0,False,NOT_REACHED,,,,,,,,,,,,,,0.0,False,0.0,B_DIP4_KEEP_GTC,KOSPI,19.237147595356554,-3.91220349898036
2026-09-23,010955,S-Oil우,84000.0,80640.0,True,FILLED,2026-10-01,80640.0,INTRADAY_LIMIT,4,77280.0,104160.0,OPEN,,,,,,100.0,11.979166666666675,False,0,B_DIP4_KEEP_GTC,KOSPI,7.499999999999996,-3.91220349898036
2026-09-28,009240,한샘,40750.0,39120.0,True,FILLED,2026-09-30,39120.0,INTRADAY_LIMIT,2,37490.0,50530.0,OPEN,,,,,,100.0,3.527607361963181,False,0,B_DIP4_KEEP_GTC,KOSPI,-0.6134969325153339,-1.245910585885679
2026-09-28,025000,KPX케미칼,57700.0,55392.0,False,NOT_REACHED,,,,,,,,,,,,,,0.0,False,0.0,B_DIP4_KEEP_GTC,KOSPI,1.559792027729645,-1.245910585885679
2026-09-28,284740,쿠쿠홈시스,24300.0,23328.0,False,NOT_REACHED,,,,,,,,,,,,,,0.0,False,0.0,B_DIP4_KEEP_GTC,KOSPI,2.4691358024691468,-1.245910585885679
2026-09-29,031980,피에스케이홀딩스,180800.0,173568.0,False,NOT_REACHED,,,,,,,,,,,,,,0.0,False,0.0,B_DIP4_KEEP_GTC,KOSDAQ,12.831858407079654,5.72252294657567
2026-09-29,064760,티씨케이,300000.0,288000.0,True,FILLED,2026-10-06,288000.0,INTRADAY_LIMIT,4,276000.0,372000.0,OPEN,,,,,,100.0,-1.041666666666663,False,0,B_DIP4_KEEP_GTC,KOSDAQ,-5.000000000000004,5.72252294657567
2026-09-29,101160,월덱스,32250.0,30960.0,False,NOT_REACHED,,,,,,,,,,,,,,0.0,False,0.0,B_DIP4_KEEP_GTC,KOSDAQ,-0.15503875968991832,5.72252294657567
2026-09-29,219130,타이거일렉,91000.0,87360.0,False,NOT_REACHED,,,,,,,,,,,,,,0.0,False,0.0,B_DIP4_KEEP_GTC,KOSDAQ,7.692307692307687,5.72252294657567
2026-09-29,252990,샘씨엔에스,19950.0,19152.0,True,FILLED,2026-10-06,19152.0,INTRADAY_LIMIT,4,18354.0,24738.0,OPEN,,,,,,100.0,-0.5325814536340845,False,0,B_DIP4_KEEP_GTC,KOSDAQ,-4.511278195488721,5.72252294657567
2026-09-29,029460,케이씨,46250.0,44400.0,True,FILLED,2026-09-30,44400.0,INTRADAY_LIMIT,1,42550.0,57350.0,OPEN,,,,,,100.0,6.4189189189189255,False,0,B_DIP4_KEEP_GTC,KOSPI,2.1621621621621623,-0.9738298686763347
2026-09-30,036930,주성엔지니어링,232500.0,223200.0,False,NOT_REACHED,,,,,,,,,,,,,,0.0,False,0.0,B_DIP4_KEEP_GTC,KOSDAQ,6.451612903225801,4.967812036312225
2026-09-30,059090,미코,23200.0,22272.0,False,NOT_REACHED,,,,,,,,,,,,,,0.0,False,0.0,B_DIP4_KEEP_GTC,KOSDAQ,-1.5086206896551713,4.967812036312225
2026-09-30,078350,한양디지텍,31950.0,30672.0,False,NOT_REACHED,,,,,,,,,,,,,,0.0,False,0.0,B_DIP4_KEEP_GTC,KOSDAQ,13.928012519561817,4.967812036312225
2026-09-30,122640,예스티,33600.0,32256.0,True,FILLED,2026-10-07,32256.0,INTRADAY_LIMIT,4,30912.0,41664.0,OPEN,,,,,,100.0,-1.4136904761904767,False,0,B_DIP4_KEEP_GTC,KOSDAQ,-5.35714285714286,4.967812036312225
2026-09-30,001120,LX인터내셔널,43300.0,41568.0,False,NOT_REACHED,,,,,,,,,,,,,,0.0,False,0.0,B_DIP4_KEEP_GTC,KOSPI,1.501154734411081,-0.4992658715070486
2026-09-30,020000,한섬,21000.0,20160.0,False,NOT_REACHED,,,,,,,,,,,,,,0.0,False,0.0,B_DIP4_KEEP_GTC,KOSPI,3.3333333333333437,-0.4992658715070486
2026-09-30,306200,세아제강,153200.0,147072.0,True,FILLED,2026-10-02,147072.0,INTRADAY_LIMIT,2,140944.0,189968.0,OPEN,,,,,,100.0,0.9709530026109636,False,0,B_DIP4_KEEP_GTC,KOSPI,-3.067885117493474,-0.4992658715070486
2026-10-02,005160,동국산업,3970.0,3811.2,False,NOT_REACHED,,,,,,,,,,,,,,0.0,False,0.0,B_DIP4_KEEP_GTC,KOSDAQ,-3.0226700251889116,0.5754010455730985
2026-10-02,036710,심텍홀딩스,4960.0,4761.599999999999,False,NOT_REACHED,,,,,,,,,,,,,,0.0,False,0.0,B_DIP4_KEEP_GTC,KOSDAQ,2.4193548387096753,0.5754010455730985
2026-10-02,064290,인텍플러스,59100.0,56736.0,False,NOT_REACHED,,,,,,,,,,,,,,0.0,False,0.0,B_DIP4_KEEP_GTC,KOSDAQ,-1.0152284263959421,0.5754010455730985
2026-10-06,031980,피에스케이홀딩스,197000.0,189120.0,True,FILLED,2026-10-07,189120.0,INTRADAY_LIMIT,1,181240.0,244280.0,OPEN,,,,,,100.0,7.868020304568524,False,0,B_DIP4_KEEP_GTC,KOSDAQ,3.5532994923857864,-2.33607270197409
2026-10-06,091580,상신이디피,24850.0,23856.0,False,NOT_REACHED,,,,,,,,,,,,,,0.0,False,0.0,B_DIP4_KEEP_GTC,KOSDAQ,-1.2072434607645843,-2.33607270197409
2026-10-06,236200,슈프리마,60400.0,57984.0,True,FILLED,2026-10-07,57984.0,INTRADAY_LIMIT,1,55568.0,74896.0,CLOSED,,,2026-10-07,54800,STOP_LOSS,0.0,-5.491169977924947,False,-5.491169977924947,B_DIP4_KEEP_GTC,KOSDAQ,-9.27152317880795,-2.33607270197409
2026-10-06,006400,삼성SDI,575000.0,552000.0,False,NOT_REACHED,,,,,,,,,,,,,,0.0,False,0.0,B_DIP4_KEEP_GTC,KOSPI,-2.260869565217394,-1.980727203053001
2026-10-06,007660,이수페타시스,131900.0,126624.0,True,FILLED,2026-10-07,126624.0,INTRADAY_LIMIT,1,121348.0,163556.0,OPEN,,,,,,100.0,-3.6517563810967935,False,0,B_DIP4_KEEP_GTC,KOSPI,-7.505686125852917,-1.980727203053001
2026-10-06,192820,코스맥스,298000.0,286080.0,False,NOT_REACHED,,,,,,,,,,,,,,0.0,False,0.0,B_DIP4_KEEP_GTC,KOSPI,3.523489932885915,-1.980727203053001
2026-10-06,226320,잇츠한불,11260.0,10809.6,False,NOT_REACHED,,,,,,,,,,,,,,0.0,False,0.0,B_DIP4_KEEP_GTC,KOSPI,4.440497335701599,-1.980727203053001
2026-10-06,373220,LG에너지솔루션,390000.0,374400.0,False,NOT_REACHED,,,,,,,,,,,,,,0.0,False,0.0,B_DIP4_KEEP_GTC,KOSPI,0.2564102564102555,-1.980727203053001
2026-10-07,041960,코미팜,11000.0,10560.0,False,NO_FUTURE_BAR,,,,,,,,,,,,,,0.0,False,0.0,B_DIP4_KEEP_GTC,KOSDAQ,0.0,0.0
2026-10-07,131290,티에스이,316000.0,303360.0,False,NO_FUTURE_BAR,,,,,,,,,,,,,,0.0,False,0.0,B_DIP4_KEEP_GTC,KOSDAQ,0.0,0.0
2026-10-07,219130,타이거일렉,98000.0,94080.0,False,NO_FUTURE_BAR,,,,,,,,,,,,,,0.0,False,0.0,B_DIP4_KEEP_GTC,KOSDAQ,0.0,0.0
2026-10-07,002320,한진,16860.0,16185.599999999999,False,NO_FUTURE_BAR,,,,,,,,,,,,,,0.0,False,0.0,B_DIP4_KEEP_GTC,KOSPI,0.0,0.0
2026-10-07,002960,한국쉘석유,541000.0,519360.0,False,NO_FUTURE_BAR,,,,,,,,,,,,,,0.0,False,0.0,B_DIP4_KEEP_GTC,KOSPI,0.0,0.0
2026-10-07,008930,한미사이언스,58100.0,55776.0,False,NO_FUTURE_BAR,,,,,,,,,,,,,,0.0,False,0.0,B_DIP4_KEEP_GTC,KOSPI,0.0,0.0
2026-10-07,078520,에이블씨엔씨,11880.0,11404.8,False,NO_FUTURE_BAR,,,,,,,,,,,,,,0.0,False,0.0,B_DIP4_KEEP_GTC,KOSPI,0.0,0.0
2026-10-07,383220,F&F,74100.0,71136.0,False,NO_FUTURE_BAR,,,,,,,,,,,,,,0.0,False,0.0,B_DIP4_KEEP_GTC,KOSPI,0.0,0.0
