scenario,cohort,dip_pct,stop_mode,target_mode,expiry_trading_days,signals,filled,fill_rate_pct,mean_filled_return_pct,mean_signal_return_pct,median_filled_return_pct,win_rate_filled_pct,winners,losers,flat,avg_winner_pct,avg_loser_pct,profit_factor_marked,stops,stop_rate_filled_pct,avg_stop_return_pct,closed_count,closed_mean_return_pct,marked_pnl_krw,allocated_capital_krw,gross_entry_notional_krw,baseline_signal_mean_pct,improvement_vs_baseline_pp,mean_buy_index_at_signal_hold_pct,excess_vs_index_at_signal_pp,unfilled_baseline_mean_pct,unfilled_baseline_winners,unfilled_baseline_large_winners_20,baseline_large_winners_20,filled_baseline_mean_pct,avg_wait_trading_days,entry_gap_count,ambiguous_entry_day_target_count
A_SIGNAL_CLOSE,ALL_137,,SIGNAL,KEEP_LEVELS,,137,137,100.0,-1.142897029138333,-1.142897029138333,-2.1134020618556737,34.306569343065696,47,82,8,8.987129042936953,-7.060633634268152,0.729560489371317,48,35.03649635036496,-9.786746092045856,48,-9.786746092045856,-9786056,856250000,856250000,-1.142897029138333,0.0,2.2851096771381676,-3.4280067062765003,,0,0,7,-1.142897029138333,0,0,0
A_SIGNAL_CLOSE,SINCE_0911_65,,SIGNAL,KEEP_LEVELS,,65,65,100.0,1.6138593909167693,1.6138593909167693,0.2564102564102555,50.76923076923077,33,24,8,6.479049686666227,-4.537824135433144,1.9632081485052328,6,9.23076923076923,-10.428932517873971,6,-10.428932517873971,6556304,406250000,406250000,1.6138593909167693,0.0,1.936653765643725,-0.3227943747269557,,0,0,2,1.6138593909167693,0,0,0
B_DIP2_KEEP_GTC,ALL_137,2,SIGNAL,KEEP_LEVELS,,137,118,86.13138686131387,-0.24257253210254867,-0.20893108604453095,-2.578597477982475,40.67796610169491,48,70,0,8.371607725323374,-6.149438994337467,0.9335048314059732,48,40.67796610169491,-7.875753822261836,48,-7.875753822261836,-1788972,856250000,737500000,-1.142897029138333,0.933965943093802,2.2851096771381676,-2.4940407631826984,6.101781760242017,11,2,7,-2.309413105394491,2.2203389830508473,12,0
B_DIP2_KEEP_GTC,SINCE_0911_65,2,SIGNAL,KEEP_LEVELS,,65,48,73.84615384615384,3.3852286638281286,2.499861167134618,2.0925364779185385,66.66666666666667,32,16,0,7.1890956526178975,-4.222505313751411,3.405132791286352,6,12.5,-8.26988999490691,6,-8.26988999490691,10155686,406250000,300000000,1.6138593909167693,0.8860017762178485,1.936653765643725,0.5632074014908928,2.838159669573348,9,0,2,1.1802530422258979,1.6458333333333333,8,0
B_DIP2_KEEP_5,ALL_137,2,SIGNAL,KEEP_LEVELS,5,137,105,76.64233576642336,0.22347082799435303,0.17127326233143844,-1.377159377358761,41.904761904761905,44,61,0,8.740159782190736,-5.919714647163693,1.064979973457052,42,40.0,-7.640951909363722,42,-7.640951909363722,1466527,856250000,656250000,-1.142897029138333,1.3141702914697713,2.2851096771381676,-2.113836414806729,1.21523805098877,13,2,7,-1.8615667678437358,1.3523809523809525,12,0
B_DIP2_KEEP_5,SINCE_0911_65,2,SIGNAL,KEEP_LEVELS,5,65,46,70.76923076923077,3.516990123612648,2.488946856710489,2.488534831037048,65.21739130434783,30,16,0,7.6447210235401455,-4.222505313751411,3.3946320617896664,6,13.043478260869565,-8.26988999490691,6,-8.26988999490691,10111347,406250000,287500000,1.6138593909167693,0.8750874657937198,1.936653765643725,0.552293091066764,2.3654713661454694,9,0,2,1.3034109663657847,1.4565217391304348,8,0
B_DIP3_KEEP_GTC,ALL_137,3,SIGNAL,KEEP_LEVELS,,137,108,78.83211678832117,0.06213915736672548,0.04898561310661571,-2.4671871910377066,40.74074074074074,44,64,0,8.535324526190728,-5.763175783699777,1.0181947995327383,48,44.44444444444444,-6.974047893971475,48,-6.974047893971475,419439,856250000,675000000,-1.142897029138333,1.1918826422449487,2.2851096771381676,-2.236124064031552,5.674701086058621,17,2,7,-2.9735483748856635,3.435185185185185,5,0
B_DIP3_KEEP_GTC,SINCE_0911_65,3,SIGNAL,KEEP_LEVELS,,65,39,60.0,3.4710349209838736,2.0826209525903243,2.4603124407058363,69.23076923076923,27,12,0,7.111492451307916,-4.719994522245221,3.3900162256611,6,15.384615384615385,-7.641937099272763,6,-7.641937099272763,8460648,406250000,243750000,1.6138593909167693,0.468761561673555,1.936653765643725,0.14596718694659927,3.539680542541901,14,0,2,0.32997862316668175,1.9230769230769231,2,0
B_DIP3_KEEP_5,ALL_137,3,SIGNAL,KEEP_LEVELS,5,137,88,64.23357664233576,0.589041068280026,0.37836214604848384,-2.2711354597919007,42.04545454545455,37,51,0,9.273037102549406,-5.711112917366387,1.1779661167815685,40,45.45454545454545,-6.7154720339998635,40,-6.7154720339998635,3239726,856250000,550000000,-1.142897029138333,1.5212591751868167,2.2851096771381676,-1.9067475310896838,1.228027834209628,20,2,7,-2.4630711007752657,1.7954545454545454,4,0
B_DIP3_KEEP_5,SINCE_0911_65,3,SIGNAL,KEEP_LEVELS,5,65,38,58.46153846153846,3.5285090455102504,2.062820672759839,2.9087182081932617,68.42105263157895,26,12,0,7.335510692166622,-4.719994522245221,3.3672934205300793,6,15.789473684210526,-7.641937099272763,6,-7.641937099272763,8380209,406250000,237500000,1.6138593909167693,0.4489612818430695,1.936653765643725,0.12616690711611378,3.343707472200056,14,0,2,0.38475680684706554,1.8157894736842106,2,0
B_DIP4_KEEP_GTC,ALL_137,4,SIGNAL,KEEP_LEVELS,,137,92,67.15328467153284,0.04889972024550456,0.03283776834004686,-3.909211523881728,34.78260869565217,32,60,0,9.704690751357543,-5.100855496347582,1.0146994109315184,48,52.17391304347826,-5.944476626960804,48,-5.944476626960804,281173,856250000,575000000,-1.142897029138333,1.1757347974783798,2.2851096771381676,-2.2522719087981207,4.7258608852396975,26,3,7,-4.013485139431935,4.608695652173913,6,0
B_DIP4_KEEP_GTC,SINCE_0911_65,4,SIGNAL,KEEP_LEVELS,,65,26,40.0,3.2242515734898403,1.289700629395936,2.7540300184301536,61.53846153846154,16,10,0,8.16569150781476,-4.68205232143003,2.7904657008431646,6,23.076923076923077,-6.696804706118714,6,-6.696804706118714,5239409,406250000,162500000,1.6138593909167693,-0.3241587615208332,1.936653765643725,-0.6469531362477889,3.316909242144726,21,1,2,-0.9407153859251651,2.3076923076923075,2,0
B_DIP4_KEEP_5,ALL_137,4,SIGNAL,KEEP_LEVELS,5,137,67,48.90510948905109,0.9790254147579283,0.4787934510130014,-3.6517563810967935,38.80597014925373,26,41,0,10.511411428723145,-5.065902301415136,1.3158116174643666,35,52.23880597014925,-5.638334792756308,35,-5.638334792756308,4099669,856250000,418750000,-1.142897029138333,1.6216904801513343,2.2851096771381676,-1.8063162261251662,0.7604348726718048,29,3,7,-3.1314527474474323,2.2238805970149254,5,0
B_DIP4_KEEP_5,SINCE_0911_65,4,SIGNAL,KEEP_LEVELS,5,65,26,40.0,3.2242515734898403,1.289700629395936,2.7540300184301536,61.53846153846154,16,10,0,8.16569150781476,-4.68205232143003,2.7904657008431646,6,23.076923076923077,-6.696804706118714,6,-6.696804706118714,5239409,406250000,162500000,1.6138593909167693,-0.3241587615208332,1.936653765643725,-0.6469531362477889,3.316909242144726,21,1,2,-0.9407153859251651,2.3076923076923075,2,0
B_DIP5_KEEP_GTC,ALL_137,5,SIGNAL,KEEP_LEVELS,,137,85,62.043795620437955,0.35052862953648023,0.2174812665007359,-3.2302979671400722,32.94117647058823,28,56,1,9.934443216117103,-4.4351692239406795,1.1199621383657463,48,56.470588235294116,-4.975184021336455,48,-4.975184021336455,1862183,856250000,531250000,-1.142897029138333,1.3603782956390689,2.2851096771381676,-2.0676284106374316,4.673333484966085,32,3,7,-4.7010615789433885,5.588235294117647,3,0
B_DIP5_KEEP_GTC,SINCE_0911_65,5,SIGNAL,KEEP_LEVELS,,65,21,32.30769230769231,3.0622592817857437,0.9893453064230864,3.038524145415078,57.142857142857146,12,8,1,8.46741199665484,-4.662687380294683,2.7239909003248566,6,28.571428571428573,-5.714665808288388,6,-5.714665808288388,4019215,406250000,131250000,1.6138593909167693,-0.624514084493683,1.936653765643725,-0.9473084592206387,3.382017903135556,25,1,2,-2.0908536823035453,2.6666666666666665,0,0
B_DIP5_KEEP_5,ALL_137,5,SIGNAL,KEEP_LEVELS,5,137,56,40.87591240875913,1.4989027452114425,0.6126901732251152,-3.2280522093764863,35.714285714285715,20,35,1,11.988447581619296,-4.452297082872718,1.5386532721646031,32,57.142857142857146,-4.708784984055122,32,-4.708784984055122,5246160,856250000,350000000,-1.142897029138333,1.755587202363448,2.2851096771381676,-1.6724195039130523,0.5750234815809684,34,3,7,-3.6277463392858937,2.392857142857143,3,0
B_DIP5_KEEP_5,SINCE_0911_65,5,SIGNAL,KEEP_LEVELS,5,65,21,32.30769230769231,3.0622592817857437,0.9893453064230864,3.038524145415078,57.142857142857146,12,8,1,8.46741199665484,-4.662687380294683,2.7239909003248566,6,28.571428571428573,-5.714665808288388,6,-5.714665808288388,4019215,406250000,131250000,1.6138593909167693,-0.624514084493683,1.936653765643725,-0.9473084592206387,3.382017903135556,25,1,2,-2.0908536823035453,2.6666666666666665,0,0
B_DIP4_KEEP_1,ALL_137,4,SIGNAL,KEEP_LEVELS,1,137,25,18.248175182481752,4.370464564859999,0.7975300300839414,0.2725856697819218,52.0,13,12,0,14.293117072118532,-6.379075651336746,2.4273438673230032,11,44.0,-6.627013766813104,11,-6.627013766813104,6828851,856250000,156250000,-1.142897029138333,1.9404270592222743,2.2851096771381676,-1.4875796470542262,-1.4415521029170502,37,3,7,0.19507770139032032,1,1,0
B_DIP4_KEEP_1,SINCE_0911_65,4,SIGNAL,KEEP_LEVELS,1,65,11,16.923076923076923,4.662579627891661,0.7890519370278195,6.4189189189189255,63.63636363636363,7,4,0,11.400686757299964,-7.129107848572868,2.7985551977964316,3,27.272727272727273,-8.288225004398226,3,-8.288225004398226,3205523,406250000,68750000,1.6138593909167693,-0.8248074538889498,1.936653765643725,-1.1476018286159055,1.8458930844617785,26,1,2,0.4747848953321798,1,1,0
B_DIP4_KEEP_3,ALL_137,4,SIGNAL,KEEP_LEVELS,3,137,53,38.68613138686131,1.001001281776885,0.3872486710523716,-4.214559386973182,39.62264150943396,21,32,0,10.844250880117086,-5.458631267133871,1.3037223603882433,30,56.60377358490566,-5.681968525664676,30,-5.681968525664676,3315817,856250000,331250000,-1.142897029138333,1.5301457001907046,2.2851096771381676,-1.897861006085796,0.1101908131650022,33,3,7,-3.1289230433549395,1.6603773584905661,4,0
B_DIP4_KEEP_3,SINCE_0911_65,4,SIGNAL,KEEP_LEVELS,3,65,20,30.76923076923077,2.7754588136022047,0.8539873272622168,2.7540300184301536,65.0,13,7,0,7.64167391460409,-6.261797802544154,2.266390671598472,6,30.0,-6.696804706118714,6,-6.696804706118714,3469324,406250000,125000000,1.6138593909167693,-0.7598720636545525,1.936653765643725,-1.0826664383815081,2.9455104554841856,24,1,2,-1.3823555043599174,1.7,2,0
B_DIP4_KEEP_10,ALL_137,4,SIGNAL,KEEP_LEVELS,10,137,81,59.12408759124087,0.32250139917182036,0.19067600972932444,-4.214559386973182,35.80246913580247,29,52,0,10.548040871184394,-5.380203306373653,1.0933715549586822,44,54.32098765432099,-6.0473527663575775,44,-6.0473527663575775,1632663,856250000,506250000,-1.142897029138333,1.3335730388676574,2.2851096771381676,-2.0944336674088433,2.6411581130047956,26,3,7,-3.7590339175335825,3.111111111111111,6,0
B_DIP4_KEEP_10,SINCE_0911_65,4,SIGNAL,KEEP_LEVELS,10,65,26,40.0,3.2242515734898403,1.289700629395936,2.7540300184301536,61.53846153846154,16,10,0,8.16569150781476,-4.68205232143003,2.7904657008431646,6,23.076923076923077,-6.696804706118714,6,-6.696804706118714,5239409,406250000,162500000,1.6138593909167693,-0.3241587615208332,1.936653765643725,-0.6469531362477889,3.316909242144726,21,1,2,-0.9407153859251651,2.3076923076923075,2,0
B_DIP4_3R_GTC,ALL_137,4,SIGNAL,ENTRY_3R,,137,92,67.15328467153284,0.19095484093039,0.12823244792405752,-3.1273241387934525,39.130434782608695,36,56,0,8.495514734427296,-5.1476908048890495,1.0609421848118172,44,47.82608695652174,-6.080778031523873,50,-4.4215228889643985,1097990,856250000,575000000,-1.142897029138333,1.2711294770623904,2.2851096771381676,-2.15687722921411,4.7258608852396975,26,3,7,-4.013485139431935,4.608695652173913,6,0
B_DIP4_3R_GTC,SINCE_0911_65,4,SIGNAL,ENTRY_3R,,65,26,40.0,3.32737774911579,1.330951099646316,2.7540300184301536,61.53846153846154,16,10,0,8.333271543206928,-4.68205232143003,2.847732907234736,6,23.076923076923077,-6.696804706118714,6,-6.696804706118714,5406989,406250000,162500000,1.6138593909167693,-0.28290829127045325,1.936653765643725,-0.605702665997409,3.316909242144726,21,1,2,-0.9407153859251651,2.3076923076923075,2,0
C_DIP4_STOPFILL_GTC,ALL_137,4,FILL,ENTRY_3R,,137,92,67.15328467153284,0.5449304403556421,0.36593868987386186,-1.4136904761904767,42.391304347826086,39,53,0,9.649965352891918,-6.155000910378599,1.1536826727695537,27,29.347826086956523,-9.256169807440008,27,-9.256169807440008,3133350,856250000,575000000,-1.142897029138333,1.5088357190121948,2.2851096771381676,-1.9191709872643057,4.7258608852396975,26,3,7,-4.013485139431935,4.608695652173913,6,0
C_DIP4_STOPFILL_GTC,SINCE_0911_65,4,FILL,ENTRY_3R,,65,26,40.0,3.065017467738398,1.2260069870953592,2.7540300184301536,61.53846153846154,16,10,0,8.60335641118679,-5.796324841779029,2.3748445150416977,4,15.384615384615385,-10.061819269824651,4,-10.061819269824651,4980653,406250000,162500000,1.6138593909167693,-0.3878524038214102,1.936653765643725,-0.7106467785483659,3.316909242144726,21,1,2,-0.9407153859251651,2.3076923076923075,2,0
B_DIP4_3R_5,ALL_137,4,SIGNAL,ENTRY_3R,5,137,67,48.90510948905109,1.0332621844664802,0.5053180026222932,-3.1551932367149704,43.28358208955224,29,38,0,9.162551253860874,-5.170668947439768,1.3523343684142004,32,47.76119402985075,-5.816410730973793,37,-3.8544599804446342,4326785,856250000,418750000,-1.142897029138333,1.6482150317606261,2.2851096771381676,-1.7797916745158744,0.7604348726718048,29,3,7,-3.1314527474474323,2.2238805970149254,5,0
B_DIP4_3R_5,SINCE_0911_65,4,SIGNAL,ENTRY_3R,5,65,26,40.0,3.32737774911579,1.330951099646316,2.7540300184301536,61.53846153846154,16,10,0,8.333271543206928,-4.68205232143003,2.847732907234736,6,23.076923076923077,-6.696804706118714,6,-6.696804706118714,5406989,406250000,162500000,1.6138593909167693,-0.28290829127045325,1.936653765643725,-0.605702665997409,3.316909242144726,21,1,2,-0.9407153859251651,2.3076923076923075,2,0
C_DIP4_STOPFILL_5,ALL_137,4,FILL,ENTRY_3R,5,137,67,48.90510948905109,1.8624937072636898,0.9108545867639942,-0.5325814536340845,49.25373134328358,33,34,0,10.27561338988319,-6.303181278808178,1.5822786979303134,19,28.35820895522388,-8.898846591147437,19,-8.898846591147437,7799192,856250000,418750000,-1.142897029138333,2.053751615902327,2.2851096771381676,-1.3742550903741733,0.7604348726718048,29,3,7,-3.1314527474474323,2.2238805970149254,5,0
C_DIP4_STOPFILL_5,SINCE_0911_65,4,FILL,ENTRY_3R,5,65,26,40.0,3.065017467738398,1.2260069870953592,2.7540300184301536,61.53846153846154,16,10,0,8.60335641118679,-5.796324841779029,2.3748445150416977,4,15.384615384615385,-10.061819269824651,4,-10.061819269824651,4980653,406250000,162500000,1.6138593909167693,-0.3878524038214102,1.936653765643725,-0.7106467785483659,3.316909242144726,21,1,2,-0.9407153859251651,2.3076923076923075,2,0
B_DIP4_KEEP_GTC_OPTIMISTIC,ALL_137,4,SIGNAL,KEEP_LEVELS,,137,92,67.15328467153284,0.04889972024550456,0.03283776834004686,-3.909211523881728,34.78260869565217,32,60,0,9.704690751357543,-5.100855496347582,1.0146994109315184,48,52.17391304347826,-5.944476626960804,48,-5.944476626960804,281173,856250000,575000000,-1.142897029138333,1.1757347974783798,2.2851096771381676,-2.2522719087981207,4.7258608852396975,26,3,7,-4.013485139431935,4.608695652173913,6,0
B_DIP4_KEEP_GTC_OPTIMISTIC,SINCE_0911_65,4,SIGNAL,KEEP_LEVELS,,65,26,40.0,3.2242515734898403,1.289700629395936,2.7540300184301536,61.53846153846154,16,10,0,8.16569150781476,-4.68205232143003,2.7904657008431646,6,23.076923076923077,-6.696804706118714,6,-6.696804706118714,5239409,406250000,162500000,1.6138593909167693,-0.3241587615208332,1.936653765643725,-0.6469531362477889,3.316909242144726,21,1,2,-0.9407153859251651,2.3076923076923075,2,0
B_DIP4_3R_GTC_OPTIMISTIC,ALL_137,4,SIGNAL,ENTRY_3R,,137,92,67.15328467153284,0.19095484093039,0.12823244792405752,-3.1273241387934525,39.130434782608695,36,56,0,8.495514734427296,-5.1476908048890495,1.0609421848118172,44,47.82608695652174,-6.080778031523873,50,-4.4215228889643985,1097990,856250000,575000000,-1.142897029138333,1.2711294770623904,2.2851096771381676,-2.15687722921411,4.7258608852396975,26,3,7,-4.013485139431935,4.608695652173913,6,0
B_DIP4_3R_GTC_OPTIMISTIC,SINCE_0911_65,4,SIGNAL,ENTRY_3R,,65,26,40.0,3.32737774911579,1.330951099646316,2.7540300184301536,61.53846153846154,16,10,0,8.333271543206928,-4.68205232143003,2.847732907234736,6,23.076923076923077,-6.696804706118714,6,-6.696804706118714,5406989,406250000,162500000,1.6138593909167693,-0.28290829127045325,1.936653765643725,-0.605702665997409,3.316909242144726,21,1,2,-0.9407153859251651,2.3076923076923075,2,0
B_DIP4_KEEP_GTC_GAPFILL,ALL_137,4,SIGNAL,KEEP_LEVELS,,137,92,67.15328467153284,0.04889972024550456,0.03283776834004686,-3.909211523881728,34.78260869565217,32,60,0,9.704690751357543,-5.100855496347582,1.0146994109315184,48,52.17391304347826,-5.944476626960804,48,-5.944476626960804,281173,856250000,575000000,-1.142897029138333,1.1757347974783798,2.2851096771381676,-2.2522719087981207,4.7258608852396975,26,3,7,-4.013485139431935,4.608695652173913,6,0
B_DIP4_KEEP_GTC_GAPFILL,SINCE_0911_65,4,SIGNAL,KEEP_LEVELS,,65,26,40.0,3.2242515734898403,1.289700629395936,2.7540300184301536,61.53846153846154,16,10,0,8.16569150781476,-4.68205232143003,2.7904657008431646,6,23.076923076923077,-6.696804706118714,6,-6.696804706118714,5239409,406250000,162500000,1.6138593909167693,-0.3241587615208332,1.936653765643725,-0.6469531362477889,3.316909242144726,21,1,2,-0.9407153859251651,2.3076923076923075,2,0
