평가기준일,포착일,매수검토,매수품질,종합점수,종목명,티커,현재수익률 %,경과거래일,현재진입상태,섹터,섹터점수,섹터내순위,주봉상태,ATR20 %,기관적합,현재RS,시장상태,등급근거
2026-10-07,2026-09-23,우선검토,A,80.78,메가터치,446540,0.8256880733944927,7,검토가능,반도체소부장,98.94736842105263,5.0,STRONG,8.926296633303004,False,91.77236989891426,COUNTERTREND,섹터 99 / 대장 5위 / 주봉 STRONG / ATR 8.9%
2026-10-07,2026-09-10,우선검토,A,69.23,SK가스,018670,7.341269841269837,16,검토가능,유틸리티,59.736842105263165,1.0,RECOVERING,3.512014787430684,False,55.11531261699738,WITH_MARKET,섹터 60 / 대장 1위 / 주봉 RECOVERING / ATR 3.5%
2026-10-07,2026-09-23,대기,S,83.69,SK디스커버리,006120,19.237147595356554,7,추격주의,에너지,73.94736842105263,1.0,STRONG,4.137691237830319,False,75.76038936727817,WITH_MARKET,섹터 74 / 대장 1위 / 주봉 STRONG / ATR 4.1%
2026-10-07,2026-08-25,대기,A,82.79,오킨스전자,080580,45.10309278350515,28,추격주의,반도체소부장,98.94736842105263,4.0,STRONG,6.548845470692717,True,90.54923249719207,COUNTERTREND,섹터 99 / 대장 4위 / 주봉 STRONG / ATR 6.5%
2026-10-07,2026-09-21,대기,B,86.21,디아이,003160,17.3728813559322,9,추격주의,반도체소부장,98.94736842105263,13.0,STRONG,4.921780986762936,True,84.80419318607262,WITH_MARKET,섹터 99 / 대장 13위 / 주봉 STRONG / ATR 4.9%
2026-10-07,2026-09-29,대기,B,86.15,케이씨,029460,2.1621621621621623,5,검토가능,반도체소부장,98.94736842105263,21.0,STRONG,4.248677248677249,False,82.54324223137402,WITH_MARKET,섹터 99 / 대장 21위 / 주봉 STRONG / ATR 4.2%
2026-10-07,2026-10-06,대기,B,83.83,피에스케이홀딩스,031980,3.5532994923857864,1,검토가능,반도체소부장,98.94736842105263,8.0,STRONG,7.367647058823529,True,92.58779483339573,COUNTERTREND,섹터 99 / 대장 8위 / 주봉 STRONG / ATR 7.4%
2026-10-07,2026-10-07,대기,B,82.98,타이거일렉,219130,0.0,0,검토가능,반도체소부장,98.94736842105263,7.0,STRONG,6.821428571428571,False,93.18083114938226,COUNTERTREND,섹터 99 / 대장 7위 / 주봉 STRONG / ATR 6.8%
2026-10-07,2026-09-21,대기,B,82.74,마이크로컨텍솔,098120,5.034722222222232,9,검토가능,반도체소부장,98.94736842105263,6.0,STRONG,6.867768595041322,True,92.10595282665668,COUNTERTREND,섹터 99 / 대장 6위 / 주봉 STRONG / ATR 6.9%
2026-10-07,2026-09-22,대기,B,80.6,심텍,222800,15.057393652937211,8,추격주의,IT하드웨어,87.10526315789473,6.0,STRONG,5.528169014084507,True,92.40247098464995,COUNTERTREND,섹터 87 / 대장 6위 / 주봉 STRONG / ATR 5.5%
2026-10-07,2026-09-29,대기,B,80.33,샘씨엔에스,252990,-4.511278195488721,5,검토가능,반도체소부장,98.94736842105263,14.0,STRONG,6.435695538057742,True,90.21564956944965,COUNTERTREND,섹터 99 / 대장 14위 / 주봉 STRONG / ATR 6.4%
2026-10-07,2026-10-02,대기,B,79.58,인텍플러스,064290,-1.0152284263959421,2,검토가능,반도체소부장,98.94736842105263,17.0,STRONG,8.11111111111111,True,91.99475851740921,COUNTERTREND,섹터 99 / 대장 17위 / 주봉 STRONG / ATR 8.1%
2026-10-07,2026-10-07,대기,B,79.14,티에스이,131290,0.0,0,검토가능,반도체소부장,98.94736842105263,27.0,STRONG,7.943037974683544,True,94.40396855110446,COUNTERTREND,섹터 99 / 대장 27위 / 주봉 STRONG / ATR 7.9%
2026-10-07,2026-09-01,대기,B,78.86,롯데렌탈,089860,-0.1945525291828787,23,검토가능,운송,56.84210526315789,6.0,STRONG,2.841130604288499,False,80.46761512542119,WITH_MARKET,섹터 57 / 대장 6위 / 주봉 STRONG / ATR 2.8%
2026-10-07,2026-09-30,대기,B,77.46,주성엔지니어링,036930,6.451612903225801,4,검토가능,반도체소부장,98.94736842105263,25.0,STRONG,7.601010101010101,True,96.18307749906403,COUNTERTREND,섹터 99 / 대장 25위 / 주봉 STRONG / ATR 7.6%
2026-10-07,2026-09-23,대기,B,75.87,S-Oil우,010955,7.499999999999996,7,검토가능,UNKNOWN,,5.0,STRONG,5.26578073089701,False,83.98876825159117,WITH_MARKET,섹터 ? / 대장 5위 / 주봉 STRONG / ATR 5.3%
2026-10-07,2026-09-22,대기,B,75.77,대한항공,003490,-1.7515923566879033,8,검토가능,운송,56.84210526315789,8.0,STRONG,3.4197730956239867,True,59.340696368401346,WITH_MARKET,섹터 57 / 대장 8위 / 주봉 STRONG / ATR 3.4%
2026-10-07,2026-09-28,대기,B,75.47,KPX케미칼,025000,1.559792027729645,6,검토가능,소재,51.05263157894737,7.0,STRONG,2.098976109215017,False,51.816548109322355,WITH_MARKET,섹터 51 / 대장 7위 / 주봉 STRONG / ATR 2.1%
2026-10-07,2026-09-23,대기,B,74.64,한국알콜,017890,4.483430799220267,7,검토가능,소재,51.05263157894737,3.0,STRONG,3.278917910447761,False,83.13627854736053,COUNTERTREND,섹터 51 / 대장 3위 / 주봉 STRONG / ATR 3.3%
2026-10-07,2026-09-23,대기,B,74.64,저스템,417840,10.070257611241207,7,검토가능,반도체소부장,98.94736842105263,32.0,STRONG,6.0638297872340425,False,89.51141894421565,COUNTERTREND,섹터 99 / 대장 32위 / 주봉 STRONG / ATR 6.1%
2026-10-07,2026-09-29,대기,B,73.74,월덱스,101160,-0.15503875968991832,5,검토가능,반도체소부장,98.94736842105263,94.0,STRONG,3.5287267080745344,False,76.94646199925121,COUNTERTREND,섹터 99 / 대장 94위 / 주봉 STRONG / ATR 3.5%
2026-10-07,2026-10-07,대기,B,73.57,한미사이언스,008930,0.0,0,검토가능,제약바이오,51.84210526315789,10.0,STRONG,5.748709122203098,True,79.72631973043804,WITH_MARKET,섹터 52 / 대장 10위 / 주봉 STRONG / ATR 5.7%
2026-10-07,2026-10-06,대기,B,72.77,삼성SDI,006400,-2.260869565217394,1,검토가능,이차전지,91.57894736842105,6.0,STRONG,3.879003558718861,True,81.43129913889929,WITH_MARKET,섹터 92 / 대장 6위 / 주봉 STRONG / ATR 3.9%
2026-10-07,2026-10-07,대기,B,72.63,코미팜,041960,0.0,0,검토가능,제약바이오,51.84210526315789,6.0,STRONG,4.3999999999999995,False,84.54473979782853,COUNTERTREND,섹터 52 / 대장 6위 / 주봉 STRONG / ATR 4.4%
2026-10-07,2026-09-14,대기,B,72.32,맵스리얼티,094800,1.0781671159029615,14,검토가능,UNKNOWN,,21.0,STRONG,3.3066666666666666,False,61.11980531636091,WITH_MARKET,섹터 ? / 대장 21위 / 주봉 STRONG / ATR 3.3%
2026-10-07,2026-09-30,대기,B,70.4,한양디지텍,078350,13.928012519561817,4,추격주의,반도체소부장,98.94736842105263,11.0,RECOVERING,6.616758241758242,True,89.36315986521902,COUNTERTREND,섹터 99 / 대장 11위 / 주봉 RECOVERING / ATR 6.6%
2026-10-07,2026-09-30,대기,B,70.21,미코,059090,-1.5086206896551713,4,검토가능,반도체소부장,98.94736842105263,53.0,STRONG,5.5820568927789935,True,85.13777611381505,COUNTERTREND,섹터 99 / 대장 53위 / 주봉 STRONG / ATR 5.6%
2026-10-07,2026-10-02,대기,B,70.0,심텍홀딩스,036710,2.4193548387096753,2,검토가능,반도체소부장,98.94736842105263,45.0,STRONG,5.511811023622047,False,85.69374766005241,COUNTERTREND,섹터 99 / 대장 45위 / 주봉 STRONG / ATR 5.5%
2026-10-07,2026-09-15,대기,B,69.58,동아지질,028100,5.7784911717496,13,검토가능,건설,34.21052631578947,1.0,STRONG,3.8846737481031868,False,54.78172968925496,WITH_MARKET,섹터 34 / 대장 1위 / 주봉 STRONG / ATR 3.9%
2026-10-07,2026-10-06,대기,B,69.47,상신이디피,091580,-1.2072434607645843,1,검토가능,IT가전,88.94736842105263,10.0,STRONG,6.242362525458248,False,87.02807937102209,COUNTERTREND,섹터 89 / 대장 10위 / 주봉 STRONG / ATR 6.2%
2026-10-07,2026-10-06,대기,B,69.45,코스맥스,192820,3.523489932885915,1,검토가능,소비재,23.421052631578945,2.0,STRONG,5.429497568881685,True,80.83826282291277,WITH_MARKET,섹터 23 / 대장 2위 / 주봉 STRONG / ATR 5.4%
2026-10-07,2026-08-27,대기,B,68.66,에스원,012750,-1.9883040935672502,26,검토가능,산업재,71.57894736842104,51.0,STRONG,3.4009546539379474,True,35.35979034069637,WITH_MARKET,섹터 72 / 대장 51위 / 주봉 STRONG / ATR 3.4%
2026-10-07,2026-10-07,대기,B,68.61,한국쉘석유,002960,0.0,0,검토가능,소재,51.05263157894737,48.0,STRONG,1.9038817005545285,False,49.92624485211531,WITH_MARKET,섹터 51 / 대장 48위 / 주봉 STRONG / ATR 1.9%
2026-10-07,2026-09-22,대기,B,67.22,아시아나항공,020560,-1.5531660692950977,8,검토가능,운송,56.84210526315789,13.0,STRONG,3.3980582524271843,False,34.06252339947586,WITH_MARKET,섹터 57 / 대장 13위 / 주봉 STRONG / ATR 3.4%
2026-10-07,2026-09-04,대기,B,66.91,코메론,049430,-2.4498886414253906,20,검토가능,산업재,71.57894736842104,89.0,STRONG,4.492009132420091,False,81.28304005990266,COUNTERTREND,섹터 72 / 대장 89위 / 주봉 STRONG / ATR 4.5%
2026-10-07,2026-09-22,대기,B,66.74,티에프이,425420,0.6211180124223503,8,검토가능,반도체소부장,98.94736842105263,37.0,RECOVERING,6.921296296296296,True,84.95245226506927,COUNTERTREND,섹터 99 / 대장 37위 / 주봉 RECOVERING / ATR 6.9%
2026-10-07,2026-09-23,대기,B,66.35,유진테크,084370,3.3007334963325086,7,검토가능,반도체소부장,98.94736842105263,75.0,STRONG,6.5636094674556205,True,86.21265443654062,COUNTERTREND,섹터 99 / 대장 75위 / 주봉 STRONG / ATR 6.6%
2026-10-07,2026-08-25,대기,B,66.12,아이마켓코리아,122900,-1.4371257485029987,28,검토가능,산업재,71.57894736842104,97.0,STRONG,1.646415552855407,False,38.10258330213403,WITH_MARKET,섹터 72 / 대장 97위 / 주봉 STRONG / ATR 1.6%
2026-10-07,2026-08-24,대기,B,65.81,미원상사,002840,5.993930197268593,29,검토가능,소재,51.05263157894737,29.0,STRONG,3.0744452397995703,False,32.950580307001125,WITH_MARKET,섹터 51 / 대장 29위 / 주봉 STRONG / ATR 3.1%
2026-10-07,2026-09-30,대기,B,64.92,예스티,122640,-5.35714285714286,4,검토가능,반도체소부장,98.94736842105263,103.0,STRONG,5.927672955974843,True,83.6922500935979,COUNTERTREND,섹터 99 / 대장 103위 / 주봉 STRONG / ATR 5.9%
2026-10-07,2026-09-18,대기,B,64.8,한양이엔지,045100,4.672897196261672,10,검토가능,반도체소부장,98.94736842105263,115.0,RECOVERING,3.831845238095238,False,80.0228378884313,COUNTERTREND,섹터 99 / 대장 115위 / 주봉 RECOVERING / ATR 3.8%
2026-10-07,2026-09-10,대기,B,64.48,컴투스,078340,5.882352941176472,16,검토가능,IT서비스,34.473684210526315,8.0,STRONG,3.902439024390244,False,77.20591538749532,COUNTERTREND,섹터 34 / 대장 8위 / 주봉 STRONG / ATR 3.9%
2026-10-07,2026-10-02,대기,B,64.1,동국산업,005160,-3.0226700251889116,2,검토가능,소재,51.05263157894737,4.0,STRONG,9.519480519480519,False,84.02583302134032,COUNTERTREND,섹터 51 / 대장 4위 / 주봉 STRONG / ATR 9.5%
2026-10-07,2026-09-28,대기,B,63.8,쿠쿠홈시스,284740,2.4691358024691468,6,검토가능,소비재,23.421052631578945,9.0,STRONG,2.4698795180722892,False,37.39835267690004,WITH_MARKET,섹터 23 / 대장 9위 / 주봉 STRONG / ATR 2.5%
2026-10-07,2026-09-14,대기,B,63.58,디지털대성,068930,3.9548022598870025,14,검토가능,미디어,29.999999999999996,8.0,STRONG,3.467391304347826,False,78.28079371022089,COUNTERTREND,섹터 30 / 대장 8위 / 주봉 STRONG / ATR 3.5%
2026-10-07,2026-09-15,대기,B,63.37,현대그린푸드,453340,-2.1134020618556737,13,검토가능,소비재,23.421052631578945,37.0,STRONG,3.4728804634017902,False,47.4058405091726,WITH_MARKET,섹터 23 / 대장 37위 / 주봉 STRONG / ATR 3.5%
2026-10-07,2026-09-29,대기,B,62.31,티씨케이,064760,-5.000000000000004,5,검토가능,반도체소부장,98.94736842105263,83.0,RECOVERING,6.2894736842105265,True,81.06065144140771,COUNTERTREND,섹터 99 / 대장 83위 / 주봉 RECOVERING / ATR 6.3%
2026-10-07,2026-09-01,대기,B,62.09,현대퓨처넷,126560,-1.4598540145985384,23,검토가능,소비재,23.421052631578945,35.0,STRONG,1.6592592592592592,False,34.655559715462374,WITH_MARKET,섹터 23 / 대장 35위 / 주봉 STRONG / ATR 1.7%
2026-10-07,2026-10-06,대기,B,61.91,이수페타시스,007660,-7.505686125852917,1,검토가능,반도체소부장,98.94736842105263,111.0,RECOVERING,6.028688524590164,True,70.83077499064021,WITH_MARKET,섹터 99 / 대장 111위 / 주봉 RECOVERING / ATR 6.0%
2026-10-07,2026-09-30,대기,B,61.89,LX인터내셔널,001120,1.501154734411081,4,검토가능,산업재,71.57894736842104,48.0,RECOVERING,3.424345847554039,False,53.818045675776865,WITH_MARKET,섹터 72 / 대장 48위 / 주봉 RECOVERING / ATR 3.4%
2026-10-07,2026-10-06,대기,B,61.1,LG에너지솔루션,373220,0.2564102564102555,1,검토가능,이차전지,91.57894736842105,10.0,RECOVERING,3.7212276214833757,True,37.73193560464245,WITH_MARKET,섹터 92 / 대장 10위 / 주봉 RECOVERING / ATR 3.7%
2026-10-07,2026-09-22,대기,B,60.19,ISC,095340,-2.644230769230771,8,검토가능,반도체소부장,98.94736842105263,90.0,RECOVERING,5.923456790123457,True,85.43429427180831,COUNTERTREND,섹터 99 / 대장 90위 / 주봉 RECOVERING / ATR 5.9%
2026-10-07,2026-09-28,대기,B,59.58,한샘,009240,-0.6134969325153339,6,검토가능,건설,34.21052631578947,10.0,STRONG,2.5617283950617282,False,34.17371770872332,WITH_MARKET,섹터 34 / 대장 10위 / 주봉 STRONG / ATR 2.6%
2026-10-07,2026-10-06,대기,B,58.66,잇츠한불,226320,4.440497335701599,1,검토가능,소비재,23.421052631578945,26.0,STRONG,2.6403061224489797,False,40.363534256832644,WITH_MARKET,섹터 23 / 대장 26위 / 주봉 STRONG / ATR 2.6%
2026-10-07,2026-08-28,대기,B,57.65,한일시멘트,300720,-4.542772861356936,25,검토가능,건설,34.21052631578947,31.0,STRONG,2.169344870210136,False,23.906776488206663,WITH_MARKET,섹터 34 / 대장 31위 / 주봉 STRONG / ATR 2.2%
2026-10-07,2026-08-26,대기,B,56.91,세방전지,004490,4.849498327759205,27,검토가능,자동차,33.94736842105263,48.0,STRONG,3.8397129186602874,False,35.17446649195058,WITH_MARKET,섹터 34 / 대장 48위 / 주봉 STRONG / ATR 3.8%
2026-10-07,2026-09-23,대기,B,56.91,한솔아이원스,114810,-0.9478672985781977,7,검토가능,반도체소부장,98.94736842105263,121.0,RECOVERING,5.341763499658237,False,73.53650318232872,COUNTERTREND,섹터 99 / 대장 121위 / 주봉 RECOVERING / ATR 5.3%
2026-10-07,2026-09-30,대기,C,54.39,세아제강,306200,-3.067885117493474,4,검토가능,소재,51.05263157894737,46.0,RECOVERING,4.851851851851851,False,44.07001123174841,WITH_MARKET,섹터 51 / 대장 46위 / 주봉 RECOVERING / ATR 4.9%
2026-10-07,2026-10-07,대기,C,54.17,한진,002320,0.0,0,검토가능,운송,56.84210526315789,17.0,RECOVERING,2.286476868327402,False,23.01722201422688,WITH_MARKET,섹터 57 / 대장 17위 / 주봉 RECOVERING / ATR 2.3%
2026-10-07,2026-09-02,대기,C,53.52,한진칼,180640,-3.738317757009346,22,검토가능,운송,56.84210526315789,41.0,STRONG,4.686333084391337,True,47.14638712092849,WITH_MARKET,섹터 57 / 대장 41위 / 주봉 STRONG / ATR 4.7%
2026-10-07,2026-09-11,대기,C,52.68,다올투자증권,030210,-2.0987654320987703,15,검토가능,금융,19.473684210526315,15.0,STRONG,2.7553593947036568,False,38.21377761138151,WITH_MARKET,섹터 19 / 대장 15위 / 주봉 STRONG / ATR 2.8%
2026-10-07,2026-10-07,대기,C,52.43,F&F,383220,0.0,0,검토가능,소비재,23.421052631578945,83.0,RECOVERING,2.8609986504723346,False,40.845376263571694,WITH_MARKET,섹터 23 / 대장 83위 / 주봉 RECOVERING / ATR 2.9%
2026-10-07,2026-08-31,대기,C,50.6,하나금융지주,086790,-5.4292002934702825,24,검토가능,금융,19.473684210526315,25.0,WEAK,3.0876648564778897,True,53.89217521527518,WITH_MARKET,섹터 19 / 대장 25위 / 주봉 WEAK / ATR 3.1%
2026-10-07,2026-09-10,대기,C,49.89,삼천리,004690,-7.028985507246377,16,검토가능,유틸리티,59.736842105263165,12.0,WEAK,2.3908807482462975,False,27.946836390864846,WITH_MARKET,섹터 60 / 대장 12위 / 주봉 WEAK / ATR 2.4%
2026-10-07,2026-10-07,대기,C,47.74,에이블씨엔씨,078520,0.0,0,검토가능,소비재,23.421052631578945,40.0,RECOVERING,3.867845117845118,False,42.36503182328716,WITH_MARKET,섹터 23 / 대장 40위 / 주봉 RECOVERING / ATR 3.9%
2026-10-07,2026-09-30,대기,C,47.52,한섬,020000,3.3333333333333437,4,검토가능,소비재,23.421052631578945,96.0,RECOVERING,3.785714285714286,False,56.89442156495694,WITH_MARKET,섹터 23 / 대장 96위 / 주봉 RECOVERING / ATR 3.8%
2026-10-07,2026-09-04,대기,C,46.5,진에어,272450,-5.048859934853422,20,검토가능,운송,56.84210526315789,33.0,RECOVERING,3.855060034305317,False,15.381879445900411,WITH_MARKET,섹터 57 / 대장 33위 / 주봉 RECOVERING / ATR 3.9%
2026-10-07,2026-09-03,대기,C,45.22,삼양사,145990,-2.742616033755274,21,검토가능,소비재,23.421052631578945,101.0,WEAK,2.212581344902386,False,23.758517409210032,WITH_MARKET,섹터 23 / 대장 101위 / 주봉 WEAK / ATR 2.2%
2026-10-07,2026-08-25,대기,C,44.85,아모레퍼시픽,090430,-3.3496161898115884,28,검토가능,소비재,23.421052631578945,95.0,WEAK,4.025270758122744,True,40.326469487083486,WITH_MARKET,섹터 23 / 대장 95위 / 주봉 WEAK / ATR 4.0%
2026-10-07,2026-08-24,대기,C,41.43,세아홀딩스,058650,-4.751131221719462,29,검토가능,소재,51.05263157894737,166.0,WEAK,2.8186856690419635,False,22.75776862598278,WITH_MARKET,섹터 51 / 대장 166위 / 주봉 WEAK / ATR 2.8%
2026-10-07,2026-08-27,대기,C,38.68,아세아시멘트,183190,-5.592417061611377,26,검토가능,건설,34.21052631578947,70.0,WEAK,3.132530120481928,False,16.642081617371772,WITH_MARKET,섹터 34 / 대장 70위 / 주봉 WEAK / ATR 3.1%
2026-10-07,2026-08-26,대기,C,36.33,한일홀딩스,003300,-6.975476839237061,27,검토가능,건설,34.21052631578947,90.0,WEAK,3.380199179847686,False,22.53538000748783,WITH_MARKET,섹터 34 / 대장 90위 / 주봉 WEAK / ATR 3.4%
