capture_date,ticker,name,capture_close,source,rule_version,market_alignment,early_state,first_early_date,first_early_close,gain_since_early_pct,trading_days_since_early,buy_grade,buy_score,priority_selected,sector,sector_score,sector_leader_rank,sector_member_count,weekly_state,atr20_pct,institutional_fit,avg_trading_value20,capture_rs_score,ranking_reason,ranking_rule_version
2026-08-24,002840,미원상사,131800,kangto_core,kangto_core_v3,COUNTERTREND,FRESH,2026-08-24,131800.0,0.0,0.0,B,57.87,False,소재,60.0,34.0,76,RECOVERING,4.613050075872534,False,770858845.0,50.0,섹터 60 / 대장 34위 / 주봉 RECOVERING / ATR 4.6%,kangto_rank_v2
2026-08-24,028670,팬오션,6320,kangto_core,kangto_core_v3,COUNTERTREND,FRESH,2026-08-04,5640.0,12.056737588652489,13.0,A,75.79,True,운송,63.947368421052616,1.0,22,STRONG,5.9770569620253164,True,24336992281.5,50.0,섹터 64 / 대장 1위 / 주봉 STRONG / ATR 6.0%,kangto_rank_v2
2026-08-24,058650,세아홀딩스,132600,kangto_core,kangto_core_v3,COUNTERTREND,FRESH,2026-08-24,132600.0,0.0,0.0,C,53.37,False,소재,60.0,62.0,76,RECOVERING,3.4389140271493215,False,120462287.5,50.0,섹터 60 / 대장 62위 / 주봉 RECOVERING / ATR 3.4%,kangto_rank_v2
2026-08-25,002310,아세아제지,8560,kangto_core,kangto_core_v3,COUNTERTREND,FRESH,2026-08-25,8560.0,0.0,0.0,B,57.59,False,소재,60.0,20.0,76,RECOVERING,3.6039719626168227,False,882408702.25,50.0,섹터 60 / 대장 20위 / 주봉 RECOVERING / ATR 3.6%,kangto_rank_v2
2026-08-25,078930,GS,121800,kangto_core,kangto_core_v3,COUNTERTREND,NO_EARLY,,,,,A,78.64,True,에너지,74.21052631578947,1.0,20,STRONG,7.116174055829229,True,59641474525.0,50.0,섹터 74 / 대장 1위 / 주봉 STRONG / ATR 7.1%,kangto_rank_v2
2026-08-25,080580,오킨스전자,19400,kangto_core,kangto_core_v3,COUNTERTREND,FRESH,2026-08-25,19400.0,0.0,0.0,C,52.93,False,반도체소부장,57.368421052631575,7.0,96,RECOVERING,8.932989690721648,False,5974940031.75,50.0,섹터 57 / 대장 7위 / 주봉 RECOVERING / ATR 8.9%,kangto_rank_v2
2026-08-25,090430,아모레퍼시픽,143300,kangto_core,kangto_core_v3,COUNTERTREND,FRESH,2026-08-19,133100.0,7.663410969196094,4.0,B,66.76,False,소비재,70.26315789473685,23.0,102,RECOVERING,4.481856245638521,True,52594458381.2,50.0,섹터 70 / 대장 23위 / 주봉 RECOVERING / ATR 4.5%,kangto_rank_v2
2026-08-25,122900,아이마켓코리아,8350,kangto_core,kangto_core_v3,COUNTERTREND,FRESH,2026-08-07,7990.0,4.505632040050056,11.0,B,56.01,False,산업재,38.1578947368421,9.0,92,RECOVERING,2.2934131736526946,False,811036397.0,50.0,섹터 38 / 대장 9위 / 주봉 RECOVERING / ATR 2.3%,kangto_rank_v2
2026-08-25,123330,제닉,32200,kangto_core,kangto_core_v3,COUNTERTREND,FRESH,2026-08-10,29600.0,8.783783783783793,10.0,B,71.46,False,소비재,70.26315789473685,8.0,102,STRONG,9.619565217391305,False,10108180271.25,50.0,섹터 70 / 대장 8위 / 주봉 STRONG / ATR 9.6%,kangto_rank_v2
2026-08-25,161890,한국콜마,150000,kangto_core,kangto_core_v3,COUNTERTREND,CLIMAX_RISK,2026-08-04,101300.0,48.07502467917077,14.0,A,79.73,True,소비재,70.26315789473685,2.0,102,STRONG,6.2,True,59784045965.0,50.0,섹터 70 / 대장 2위 / 주봉 STRONG / ATR 6.2%,kangto_rank_v2
2026-08-25,257720,실리콘투,51900,kangto_core,kangto_core_v3,COUNTERTREND,LATE,2026-08-07,39300.0,32.061068702290086,11.0,B,68.74,False,소비재,70.26315789473685,9.0,102,RECOVERING,7.008670520231214,True,65921546286.25,50.0,섹터 70 / 대장 9위 / 주봉 RECOVERING / ATR 7.0%,kangto_rank_v2
2026-08-25,278470,에이피알,440500,kangto_core,kangto_core_v3,COUNTERTREND,FRESH,2026-08-12,397000.0,10.957178841309824,8.0,B,75.24,False,소비재,70.26315789473685,14.0,102,STRONG,6.058456299659478,True,122262624463.2,50.0,섹터 70 / 대장 14위 / 주봉 STRONG / ATR 6.1%,kangto_rank_v2
2026-08-25,280360,롯데웰푸드,135200,kangto_core,kangto_core_v3,COUNTERTREND,NORMAL,2026-08-07,116900.0,15.654405474764754,11.0,A,73.28,False,소비재,70.26315789473685,5.0,102,RECOVERING,5.133136094674557,False,4484199705.0,50.0,섹터 70 / 대장 5위 / 주봉 RECOVERING / ATR 5.1%,kangto_rank_v2
2026-08-26,000815,삼성화재우,425000,kangto_core,kangto_core_v3,COUNTERTREND,FRESH,2026-08-11,406500.0,4.5510455104551095,10.0,B,70.66,False,UNKNOWN,,14.0,0,STRONG,2.941176470588235,False,4735683899.3,50.0,섹터 ? / 대장 14위 / 주봉 STRONG / ATR 2.9%,kangto_rank_v2
2026-08-26,003230,삼양식품,1507000,kangto_core,kangto_core_v3,COUNTERTREND,NORMAL,2026-08-04,1219000.0,23.62592288761281,15.0,B,75.18,False,소비재,71.05263157894737,10.0,102,STRONG,5.428002654280027,True,92492444700.0,50.0,섹터 71 / 대장 10위 / 주봉 STRONG / ATR 5.4%,kangto_rank_v2
2026-08-26,003300,한일홀딩스,18350,kangto_core,kangto_core_v3,COUNTERTREND,FRESH,2026-08-24,18180.0,0.935093509350926,2.0,B,66.13,False,건설,85.26315789473684,48.0,35,STRONG,3.092643051771117,False,365040373.75,50.0,섹터 85 / 대장 48위 / 주봉 STRONG / ATR 3.1%,kangto_rank_v2
2026-08-26,004490,세방전지,59800,kangto_core,kangto_core_v3,COUNTERTREND,FRESH,2026-08-07,55600.0,7.5539568345323715,12.0,C,51.46,False,자동차,31.052631578947366,13.0,38,RECOVERING,4.226588628762542,False,2148306223.75,50.0,섹터 31 / 대장 13위 / 주봉 RECOVERING / ATR 4.2%,kangto_rank_v2
2026-08-26,006360,GS건설,37800,kangto_core,kangto_core_v3,COUNTERTREND,NORMAL,2026-08-06,32600.0,15.95092024539877,13.0,A,72.82,True,건설,85.26315789473684,4.0,35,STRONG,7.886904761904762,True,106475506903.75,50.0,섹터 85 / 대장 4위 / 주봉 STRONG / ATR 7.9%,kangto_rank_v2
2026-08-26,017940,E1,97700,kangto_core,kangto_core_v3,COUNTERTREND,FRESH,2026-08-19,93000.0,5.053763440860215,5.0,B,63.15,False,유틸리티,63.94736842105263,1.0,11,RECOVERING,4.109518935516888,False,784767035.0,50.0,섹터 64 / 대장 1위 / 주봉 RECOVERING / ATR 4.1%,kangto_rank_v2
2026-08-27,006400,삼성SDI,569000,kangto_core,kangto_core_v3,COUNTERTREND,FRESH,2026-08-14,516000.0,10.27131782945736,8.0,B,65.2,False,이차전지,71.3157894736842,1.0,13,RECOVERING,5.588752196836555,True,217377375219.0,85.10007468259894,섹터 71 / 대장 1위 / 주봉 RECOVERING / ATR 5.6%,kangto_rank_v2
2026-08-27,012750,에스원,85500,kangto_core,kangto_core_v3,COUNTERTREND,FRESH,2026-08-06,75000.0,13.99999999999999,14.0,B,56.9,False,산업재,48.421052631578945,18.0,94,RECOVERING,3.385964912280702,False,4427328302.5,32.199029126213595,섹터 48 / 대장 18위 / 주봉 RECOVERING / ATR 3.4%,kangto_rank_v2
2026-08-27,029460,케이씨,38650,kangto_core,kangto_core_v3,COUNTERTREND,NORMAL,2026-08-05,31850.0,21.350078492935644,15.0,B,65.19,False,반도체소부장,59.73684210526315,4.0,96,RECOVERING,5.051746442432083,False,1085808361.25,76.30171769977595,섹터 60 / 대장 4위 / 주봉 RECOVERING / ATR 5.1%,kangto_rank_v2
2026-08-27,183190,아세아시멘트,10550,kangto_core,kangto_core_v3,COUNTERTREND,FRESH,2026-08-27,10550.0,0.0,0.0,B,57.68,False,건설,81.3157894736842,25.0,34,RECOVERING,2.976303317535545,False,360289069.25,19.519044062733386,섹터 81 / 대장 25위 / 주봉 RECOVERING / ATR 3.0%,kangto_rank_v2
2026-08-27,222800,심텍,126900,kangto_core,kangto_core_v3,COUNTERTREND,FRESH,2026-08-10,115900.0,9.490940465918897,12.0,B,58.53,False,IT하드웨어,45.526315789473685,3.0,49,GOOD,9.178486997635932,True,106311104952.5,95.1923076923077,섹터 46 / 대장 3위 / 주봉 GOOD / ATR 9.2%,kangto_rank_v2
2026-08-28,035600,KG이니시스,10640,kangto_core,kangto_core_v3,COUNTERTREND,NO_EARLY,,,,,B,60.35,False,IT서비스,53.94736842105263,46.0,50,RECOVERING,2.617481203007519,False,662385950.5,74.52725914861837,섹터 54 / 대장 46위 / 주봉 RECOVERING / ATR 2.6%,kangto_rank_v2
2026-08-28,096530,씨젠,35650,kangto_core,kangto_core_v3,COUNTERTREND,NO_EARLY,,,,,B,73.33,False,제약바이오,37.10526315789473,3.0,121,STRONG,5.119214586255259,True,12202140767.5,86.20911127707244,섹터 37 / 대장 3위 / 주봉 STRONG / ATR 5.1%,kangto_rank_v2
2026-08-28,204620,글로벌텍스프리,5960,kangto_core,kangto_core_v3,COUNTERTREND,NORMAL,2026-08-25,5150.0,15.728155339805827,3.0,B,61.91,False,금융,59.73684210526315,5.0,57,RECOVERING,5.444630872483222,False,4995742095.5,85.8024645257655,섹터 60 / 대장 5위 / 주봉 RECOVERING / ATR 5.4%,kangto_rank_v2
2026-08-28,002790,아모레퍼시픽홀딩스,28000,kangto_core,kangto_core_v3,COUNTERTREND,FRESH,2026-08-21,26000.0,7.692307692307687,5.0,C,54.9,False,소비재,57.631578947368425,74.0,102,RECOVERING,3.767857142857143,False,2527141110.0,32.67961165048544,섹터 58 / 대장 74위 / 주봉 RECOVERING / ATR 3.8%,kangto_rank_v2
2026-08-28,025000,KPX케미칼,55800,kangto_core,kangto_core_v3,COUNTERTREND,FRESH,2026-08-24,54000.0,3.333333333333344,4.0,B,67.08,False,소재,65.26315789473684,9.0,76,RECOVERING,2.1460573476702507,False,239865551.25,33.603808812546674,섹터 65 / 대장 9위 / 주봉 RECOVERING / ATR 2.1%,kangto_rank_v2
2026-08-28,044820,코스맥스비티아이,26800,kangto_core,kangto_core_v3,COUNTERTREND,CLIMAX_RISK,2026-08-04,21050.0,27.315914489311165,17.0,B,64.94,False,제약바이오,37.10526315789473,4.0,121,STRONG,6.942164179104478,False,1561809662.75,81.80993278566093,섹터 37 / 대장 4위 / 주봉 STRONG / ATR 6.9%,kangto_rank_v2
2026-08-28,088350,한화생명,5950,kangto_core,kangto_core_v3,COUNTERTREND,FRESH,2026-08-14,5630.0,5.683836589698044,9.0,B,60.49,False,금융,59.73684210526315,8.0,57,RECOVERING,5.239495798319328,True,24201832236.25,76.70836445108289,섹터 60 / 대장 8위 / 주봉 RECOVERING / ATR 5.2%,kangto_rank_v2
2026-08-28,090430,아모레퍼시픽,150600,kangto_core,kangto_core_v3,COUNTERTREND,FRESH,2026-08-19,133100.0,13.148009015777616,7.0,B,63.77,False,소비재,57.631578947368425,36.0,102,RECOVERING,4.077025232403718,True,47917609896.2,48.50186706497386,섹터 58 / 대장 36위 / 주봉 RECOVERING / ATR 4.1%,kangto_rank_v2
2026-08-28,104700,한국철강,10120,kangto_core,kangto_core_v3,COUNTERTREND,FRESH,2026-08-10,9770.0,3.5823950870010224,13.0,B,58.73,False,소재,65.26315789473684,52.0,76,RECOVERING,2.816205533596838,False,351956386.0,30.64637789395071,섹터 65 / 대장 52위 / 주봉 RECOVERING / ATR 2.8%,kangto_rank_v2
2026-08-28,161890,한국콜마,161700,kangto_core,kangto_core_v3,COUNTERTREND,CLIMAX_RISK,2026-08-04,101300.0,59.6248766041461,17.0,A,79.46,True,소비재,57.631578947368425,2.0,102,STRONG,5.667903525046382,True,62280096830.0,90.16467513069455,섹터 58 / 대장 2위 / 주봉 STRONG / ATR 5.7%,kangto_rank_v2
2026-08-28,192820,코스맥스,303000,kangto_core,kangto_core_v3,COUNTERTREND,CLIMAX_RISK,2026-08-04,195200.0,55.225409836065566,17.0,A,78.52,False,소비재,57.631578947368425,3.0,102,STRONG,5.628712871287129,True,43128248120.7,85.2109783420463,섹터 58 / 대장 3위 / 주봉 STRONG / ATR 5.6%,kangto_rank_v2
2026-08-28,278470,에이피알,461500,kangto_core,kangto_core_v3,COUNTERTREND,CLIMAX_RISK,2026-08-12,397000.0,16.246851385390435,11.0,B,76.56,False,소비재,57.631578947368425,11.0,102,STRONG,5.64192849404117,True,125774956925.7,82.99290515309933,섹터 58 / 대장 11위 / 주봉 STRONG / ATR 5.6%,kangto_rank_v2
2026-08-28,300720,한일시멘트,16950,kangto_core,kangto_core_v3,COUNTERTREND,FRESH,2026-08-19,15190.0,11.586570111915728,7.0,B,63.91,False,건설,81.3157894736842,11.0,35,RECOVERING,2.8790560471976403,False,1374103677.25,28.94585511575803,섹터 81 / 대장 11위 / 주봉 RECOVERING / ATR 2.9%,kangto_rank_v2
2026-08-31,068930,디지털대성,8660,kangto_core,kangto_core_v3,COUNTERTREND,NO_EARLY,,,,,B,61.18,False,미디어,36.315789473684205,10.0,15,RECOVERING,2.800230946882217,False,286075026.75,78.4011953679492,섹터 36 / 대장 10위 / 주봉 RECOVERING / ATR 2.8%,kangto_rank_v2
2026-08-31,353810,이지바이오,6830,kangto_core,kangto_core_v3,COUNTERTREND,NO_EARLY,,,,,B,58.79,False,소비재,61.84210526315789,77.0,102,RECOVERING,3.5065885797950216,False,674443990.5,78.8819574150168,섹터 62 / 대장 77위 / 주봉 RECOVERING / ATR 3.5%,kangto_rank_v2
2026-08-31,014820,동원시스템즈,23200,kangto_core,kangto_core_v3,COUNTERTREND,FRESH,2026-08-07,22250.0,4.269662921348316,15.0,C,54.82,False,소재,66.05263157894737,35.0,76,RECOVERING,3.8491379310344827,False,926859160.25,21.856182293612253,섹터 66 / 대장 35위 / 주봉 RECOVERING / ATR 3.8%,kangto_rank_v2
2026-08-31,086790,하나금융지주,136300,kangto_core,kangto_core_v3,COUNTERTREND,FRESH,2026-08-03,126900.0,7.407407407407418,19.0,B,73.87,False,금융,57.63157894736842,10.0,57,STRONG,3.5179750550256785,True,89015313593.3,55.91632424355622,섹터 58 / 대장 10위 / 주봉 STRONG / ATR 3.5%,kangto_rank_v2
2026-08-31,123890,한국자산신탁,2640,kangto_core,kangto_core_v3,COUNTERTREND,FRESH,2026-08-20,2485.0,6.23742454728371,7.0,B,55.24,False,금융,57.63157894736842,15.0,57,RECOVERING,2.846590909090909,False,610095712.8,33.46843481509152,섹터 58 / 대장 15위 / 주봉 RECOVERING / ATR 2.8%,kangto_rank_v2
2026-08-31,373220,LG에너지솔루션,378000,kangto_core,kangto_core_v3,COUNTERTREND,FRESH,2026-08-31,378000.0,0.0,0.0,C,53.53,False,이차전지,76.84210526315789,10.0,13,RECOVERING,4.23941798941799,True,102962573850.0,25.147553231228986,섹터 77 / 대장 10위 / 주봉 RECOVERING / ATR 4.2%,kangto_rank_v2
2026-09-01,001060,JW중외제약,29000,kangto_core,kangto_core_v3,COUNTERTREND,FRESH,2026-08-12,30000.0,-3.3333333333333326,13.0,C,47.53,False,제약바이오,31.315789473684205,30.0,121,RECOVERING,4.853448275862069,False,2667022485.0,34.22085201793722,섹터 31 / 대장 30위 / 주봉 RECOVERING / ATR 4.9%,kangto_rank_v2
2026-09-01,089860,롯데렌탈,51400,kangto_core,kangto_core_v3,COUNTERTREND,NORMAL,2026-08-13,42500.0,20.94117647058824,12.0,A,78.88,True,운송,61.84210526315789,1.0,22,STRONG,4.494163424124514,True,8489310446.25,82.42600896860986,섹터 62 / 대장 1위 / 주봉 STRONG / ATR 4.5%,kangto_rank_v2
2026-09-01,126560,현대퓨처넷,3425,kangto_core,kangto_core_v3,COUNTERTREND,FRESH,2026-08-03,3185.0,7.535321821036112,20.0,B,61.68,False,소비재,59.473684210526315,47.0,102,RECOVERING,2.284671532846715,False,340857068.5,28.745515695067265,섹터 59 / 대장 47위 / 주봉 RECOVERING / ATR 2.3%,kangto_rank_v2
2026-09-02,159010,아스플로,24100,kangto_core,kangto_core_v3,COUNTERTREND,NO_EARLY,,,,,B,63.17,False,산업재,23.94736842105263,2.0,91,STRONG,9.476141078838173,False,5096957002.25,96.44730941704036,섹터 24 / 대장 2위 / 주봉 STRONG / ATR 9.5%,kangto_rank_v2
2026-09-02,377450,리파인,16800,kangto_core,kangto_core_v3,COUNTERTREND,NORMAL,2026-08-05,13180.0,27.465857359635805,19.0,B,68.44,False,산업재,23.94736842105263,3.0,91,STRONG,3.2589285714285716,False,4161418980.0,87.30941704035875,섹터 24 / 대장 3위 / 주봉 STRONG / ATR 3.3%,kangto_rank_v2
2026-09-02,180640,한진칼,139100,kangto_core,kangto_core_v3,COUNTERTREND,FRESH,2026-08-06,127200.0,9.355345911949687,18.0,B,67.3,False,운송,67.10526315789474,6.0,22,STRONG,4.913731128684399,True,12638829860.0,46.94730941704036,섹터 67 / 대장 6위 / 주봉 STRONG / ATR 4.9%,kangto_rank_v2
2026-09-03,008930,한미사이언스,51500,kangto_core,kangto_core_v3,COUNTERTREND,CLIMAX_RISK,2026-08-04,39200.0,31.37755102040816,21.0,B,63.31,False,제약바이오,29.473684210526315,3.0,118,STRONG,7.699029126213593,True,27099958415.0,76.83140186915888,섹터 29 / 대장 3위 / 주봉 STRONG / ATR 7.7%,kangto_rank_v2
2026-09-03,088350,한화생명,6110,kangto_core,kangto_core_v3,COUNTERTREND,FRESH,2026-08-14,5630.0,8.525754884547077,13.0,B,71.99,False,금융,76.3157894736842,11.0,57,STRONG,5.703764320785598,True,33194196562.5,78.42280373831775,섹터 76 / 대장 11위 / 주봉 STRONG / ATR 5.7%,kangto_rank_v2
2026-09-03,145990,삼양사,47400,kangto_core,kangto_core_v3,COUNTERTREND,FRESH,2026-08-26,45800.0,3.493449781659397,6.0,B,63.7,False,소비재,72.63157894736841,50.0,102,RECOVERING,2.109704641350211,False,383578982.5,27.608971962616824,섹터 73 / 대장 50위 / 주봉 RECOVERING / ATR 2.1%,kangto_rank_v2
2026-09-03,306200,세아제강,147500,kangto_core,kangto_core_v3,COUNTERTREND,FRESH,2026-08-10,136300.0,8.217168011738817,17.0,B,58.6,False,소재,71.57894736842105,34.0,76,RECOVERING,3.9864406779661015,False,1022282467.5,35.52897196261682,섹터 72 / 대장 34위 / 주봉 RECOVERING / ATR 4.0%,kangto_rank_v2
2026-09-04,031980,피에스케이홀딩스,144000,kangto_core,kangto_core_v3,COUNTERTREND,FRESH,2026-08-27,127000.0,13.38582677165354,6.0,B,61.73,False,반도체소부장,49.73684210526316,7.0,93,GOOD,7.75,True,20947879545.0,91.85986547085201,섹터 50 / 대장 7위 / 주봉 GOOD / ATR 7.8%,kangto_rank_v2
2026-09-04,049430,코메론,22450,kangto_core,kangto_core_v3,COUNTERTREND,NO_EARLY,,,,,B,68.13,False,산업재,37.368421052631575,5.0,93,STRONG,4.463251670378619,False,577206626.0,87.9383408071749,섹터 37 / 대장 5위 / 주봉 STRONG / ATR 4.5%,kangto_rank_v2
2026-09-04,064290,인텍플러스,40150,kangto_core,kangto_core_v3,COUNTERTREND,FRESH,2026-09-04,40150.0,0.0,0.0,B,55.44,False,반도체소부장,49.73684210526316,15.0,93,GOOD,9.570361145703611,True,10967240136.25,92.30381165919283,섹터 50 / 대장 15위 / 주봉 GOOD / ATR 9.6%,kangto_rank_v2
2026-09-04,377450,리파인,16960,kangto_core,kangto_core_v3,COUNTERTREND,NORMAL,2026-08-05,13180.0,28.67981790591805,21.0,B,72.39,False,산업재,37.368421052631575,3.0,93,STRONG,3.0689858490566038,False,4544839271.0,87.75336322869956,섹터 37 / 대장 3위 / 주봉 STRONG / ATR 3.1%,kangto_rank_v2
2026-09-04,002310,아세아제지,8840,kangto_core,kangto_core_v3,COUNTERTREND,FRESH,2026-08-25,8560.0,3.2710280373831724,8.0,B,59.88,False,소재,70.52631578947368,18.0,76,RECOVERING,3.30316742081448,False,799734458.75,32.22309417040359,섹터 71 / 대장 18위 / 주봉 RECOVERING / ATR 3.3%,kangto_rank_v2
2026-09-04,004690,삼천리,136700,kangto_core,kangto_core_v3,COUNTERTREND,FRESH,2026-08-04,118900.0,14.970563498738445,22.0,B,67.55,False,유틸리티,80.0,2.0,11,RECOVERING,2.53474762253109,False,1061593267.5,31.076233183856505,섹터 80 / 대장 2위 / 주봉 RECOVERING / ATR 2.5%,kangto_rank_v2
2026-09-04,180640,한진칼,146000,kangto_core,kangto_core_v3,COUNTERTREND,FRESH,2026-08-06,127200.0,14.779874213836486,20.0,B,72.61,False,운송,80.78947368421052,6.0,22,STRONG,4.811643835616438,True,10709677750.0,47.946188340807176,섹터 81 / 대장 6위 / 주봉 STRONG / ATR 4.8%,kangto_rank_v2
2026-09-04,272450,진에어,6140,kangto_core,kangto_core_v3,COUNTERTREND,FRESH,2026-09-04,6140.0,0.0,0.0,B,58.5,False,운송,80.78947368421052,9.0,22,RECOVERING,3.3876221498371337,False,511609974.25,20.902466367713004,섹터 81 / 대장 9위 / 주봉 RECOVERING / ATR 3.4%,kangto_rank_v2
2026-09-07,064760,티씨케이,268500,kangto_core,kangto_core_v3,COUNTERTREND,FRESH,2026-08-14,244000.0,10.040983606557386,15.0,B,56.07,False,반도체소부장,53.94736842105263,10.0,93,RECOVERING,7.787709497206705,True,16957128015.0,88.8262331838565,섹터 54 / 대장 10위 / 주봉 RECOVERING / ATR 7.8%,kangto_rank_v2
2026-09-07,131290,티에스이,261500,kangto_core,kangto_core_v3,COUNTERTREND,NO_EARLY,,,,,B,64.16,False,반도체소부장,53.94736842105263,7.0,93,GOOD,9.120458891013385,True,32541169712.5,94.9304932735426,섹터 54 / 대장 7위 / 주봉 GOOD / ATR 9.1%,kangto_rank_v2
2026-09-08,241770,메카로,42350,kangto_core,kangto_core_v3,COUNTERTREND,NO_EARLY,,,,,B,58.86,False,반도체소부장,46.05263157894737,9.0,93,RECOVERING,5.543093270365998,False,662140792.5,90.49103139013454,섹터 46 / 대장 9위 / 주봉 RECOVERING / ATR 5.5%,kangto_rank_v2
2026-09-09,00088K,한화3우B,43600,kangto_core,kangto_core_v3,COUNTERTREND,FRESH,2026-09-04,41200.0,5.825242718446599,3.0,C,47.07,False,UNKNOWN,,60.0,0,RECOVERING,30.95756880733945,False,1467424315.0,36.73654708520179,섹터 ? / 대장 60위 / 주봉 RECOVERING / ATR 31.0%,kangto_rank_v2
2026-09-09,012630,HDC,24700,kangto_core,kangto_core_v3,COUNTERTREND,FRESH,2026-08-05,22200.0,11.261261261261255,24.0,B,63.87,False,건설,87.36842105263158,13.0,34,RECOVERING,4.3117408906882595,False,1408574426.25,32.14910313901345,섹터 87 / 대장 13위 / 주봉 RECOVERING / ATR 4.3%,kangto_rank_v2
2026-09-09,020120,키다리스튜디오,7960,kangto_core,kangto_core_v3,COUNTERTREND,NO_EARLY,,,,,B,70.37,False,IT서비스,41.578947368421055,1.0,47,STRONG,7.823492462311559,False,6476088460.35,91.11995515695068,섹터 42 / 대장 1위 / 주봉 STRONG / ATR 7.8%,kangto_rank_v2
2026-09-09,096770,SK이노베이션,153500,kangto_core,kangto_core_v3,COUNTERTREND,LATE,2026-08-04,111300.0,37.91554357592093,25.0,S,84.31,True,에너지,96.05263157894737,2.0,21,STRONG,5.592833876221499,True,146078195505.0,63.15134529147982,섹터 96 / 대장 2위 / 주봉 STRONG / ATR 5.6%,kangto_rank_v2
2026-09-10,078340,컴투스,34850,kangto_core,kangto_core_v3,COUNTERTREND,FRESH,2026-08-05,30950.0,12.600969305331189,25.0,B,60.75,False,IT서비스,45.263157894736835,23.0,49,STRONG,6.685796269727404,False,6815709966.25,80.39125560538118,섹터 45 / 대장 23위 / 주봉 STRONG / ATR 6.7%,kangto_rank_v2
2026-09-10,425420,티에프이,58900,kangto_core,kangto_core_v3,COUNTERTREND,NO_EARLY,,,,,B,56.19,False,반도체소부장,55.78947368421052,8.0,95,RECOVERING,6.897283531409168,True,6557512382.5,86.31053811659193,섹터 56 / 대장 8위 / 주봉 RECOVERING / ATR 6.9%,kangto_rank_v2
2026-09-10,004690,삼천리,138000,kangto_core,kangto_core_v3,COUNTERTREND,NORMAL,2026-08-04,118900.0,16.063919259882265,26.0,A,71.45,True,유틸리티,96.57894736842104,2.0,12,RECOVERING,2.601449275362319,False,1016285195.0,29.85538116591928,섹터 97 / 대장 2위 / 주봉 RECOVERING / ATR 2.6%,kangto_rank_v2
2026-09-10,018670,SK가스,252000,kangto_core,kangto_core_v3,COUNTERTREND,FRESH,2026-08-07,228000.0,10.526315789473696,23.0,A,68.34,False,유틸리티,96.57894736842104,5.0,12,RECOVERING,3.9186507936507935,False,2950966412.5,32.26008968609865,섹터 97 / 대장 5위 / 주봉 RECOVERING / ATR 3.9%,kangto_rank_v2
2026-09-11,005090,SGC에너지,61200,kangto_core,kangto_core_v3,COUNTERTREND,NORMAL,2026-08-04,50400.0,21.42857142857142,27.0,B,63.72,False,에너지,91.3157894736842,15.0,22,RECOVERING,9.113562091503267,True,10286513582.5,79.12598130841121,섹터 91 / 대장 15위 / 주봉 RECOVERING / ATR 9.1%,kangto_rank_v2
2026-09-11,030210,다올투자증권,4050,kangto_core,kangto_core_v3,COUNTERTREND,FRESH,2026-09-11,4050.0,0.0,0.0,B,56.51,False,금융,73.15789473684211,23.0,57,RECOVERING,2.7530864197530867,False,223988196.65,31.050841121495324,섹터 73 / 대장 23위 / 주봉 RECOVERING / ATR 2.8%,kangto_rank_v2
2026-09-11,294870,IPARK현대산업개발,24850,kangto_core,kangto_core_v3,COUNTERTREND,FRESH,2026-08-25,22400.0,10.9375,13.0,A,78.26,True,건설,88.94736842105263,5.0,36,RECOVERING,2.9879275653923543,False,3242062118.75,44.70728971962617,섹터 89 / 대장 5위 / 주봉 RECOVERING / ATR 3.0%,kangto_rank_v2
2026-09-14,068930,디지털대성,8850,kangto_core,kangto_core_v3,COUNTERTREND,NO_EARLY,,,,,A,75.32,True,미디어,58.421052631578945,4.0,14,STRONG,2.2937853107344632,False,224264410.5,81.15482423335827,섹터 58 / 대장 4위 / 주봉 STRONG / ATR 2.3%,kangto_rank_v2
2026-09-14,377450,리파인,17160,kangto_core,kangto_core_v3,COUNTERTREND,LATE,2026-08-05,13180.0,30.197268588770875,27.0,B,75.56,False,산업재,43.68421052631579,2.0,94,STRONG,2.296037296037296,False,5374914078.0,87.81899775617053,섹터 44 / 대장 2위 / 주봉 STRONG / ATR 2.3%,kangto_rank_v2
2026-09-14,094800,맵스리얼티,7420,kangto_core,kangto_core_v3,COUNTERTREND,FRESH,2026-08-27,7180.0,3.342618384401108,12.0,B,70.18,False,UNKNOWN,,12.0,0,STRONG,2.466307277628032,False,688697679.25,53.31338818249813,섹터 ? / 대장 12위 / 주봉 STRONG / ATR 2.5%,kangto_rank_v2
2026-09-15,028100,동아지질,18690,kangto_core,kangto_core_v3,COUNTERTREND,FRESH,2026-08-03,17380.0,7.537399309551218,30.0,B,75.48,False,건설,86.05263157894736,10.0,35,STRONG,3.156768325307651,False,1083078346.75,41.148148148148145,섹터 86 / 대장 10위 / 주봉 STRONG / ATR 3.2%,kangto_rank_v2
2026-09-15,453340,현대그린푸드,19400,kangto_core,kangto_core_v3,COUNTERTREND,FRESH,2026-08-03,17830.0,8.80538418395962,30.0,B,74.73,False,소비재,60.263157894736835,9.0,100,STRONG,2.7912371134020617,False,571125601.5,49.14814814814815,섹터 60 / 대장 9위 / 주봉 STRONG / ATR 2.8%,kangto_rank_v2
2026-09-16,219130,타이거일렉,74800,kangto_core,kangto_core_v3,COUNTERTREND,NO_EARLY,,,,,B,57.17,False,반도체소부장,42.10526315789474,27.0,96,GOOD,6.858288770053476,False,3019512622.5,90.92894540014959,섹터 42 / 대장 27위 / 주봉 GOOD / ATR 6.9%,kangto_rank_v2
2026-09-16,001120,LX인터내셔널,41650,kangto_core,kangto_core_v3,COUNTERTREND,FRESH,2026-09-14,40650.0,2.460024600246013,2.0,C,53.95,False,산업재,49.210526315789465,29.0,96,RECOVERING,3.1032412965186076,False,3147506118.75,38.02281226626776,섹터 49 / 대장 29위 / 주봉 RECOVERING / ATR 3.1%,kangto_rank_v2
2026-09-18,045100,한양이엔지,32100,kangto_core,kangto_core_v3,COUNTERTREND,NO_EARLY,,,,,B,58.81,False,반도체소부장,58.1578947368421,39.0,96,RECOVERING,3.901869158878505,False,1855636171.25,82.48148148148148,섹터 58 / 대장 39위 / 주봉 RECOVERING / ATR 3.9%,kangto_rank_v2
2026-09-18,013580,계룡건설,23500,kangto_core,kangto_core_v3,COUNTERTREND,FRESH,2026-09-18,23500.0,0.0,0.0,B,57.63,False,건설,83.1578947368421,29.0,36,RECOVERING,4.0,False,1664839463.75,32.96296296296296,섹터 83 / 대장 29위 / 주봉 RECOVERING / ATR 4.0%,kangto_rank_v2
2026-09-21,098120,마이크로컨텍솔,57600,kangto_core,kangto_core_v3,COUNTERTREND,CLIMAX_RISK,2026-08-14,29100.0,97.93814432989691,25.0,A,79.34,True,반도체소부장,74.21052631578948,2.0,97,STRONG,6.901041666666667,False,7125939462.5,92.47415730337079,섹터 74 / 대장 2위 / 주봉 STRONG / ATR 6.9%,kangto_rank_v2
2026-09-21,252990,샘씨엔에스,18090,kangto_core,kangto_core_v3,COUNTERTREND,NO_EARLY,,,,,B,78.44,False,반도체소부장,74.21052631578948,6.0,97,STRONG,6.60033167495854,True,10291686059.5,90.24943820224719,섹터 74 / 대장 6위 / 주봉 STRONG / ATR 6.6%,kangto_rank_v2
2026-09-21,000430,대원강업,5040,kangto_core,kangto_core_v3,WITH_MARKET,NORMAL,2026-08-26,4375.0,15.199999999999992,18.0,C,54.85,False,자동차,29.473684210526315,6.0,38,RECOVERING,4.092261904761905,False,628671892.15,57.73146067415731,섹터 29 / 대장 6위 / 주봉 RECOVERING / ATR 4.1%,kangto_rank_v2
2026-09-21,003160,디아이,35400,kangto_core,kangto_core_v3,WITH_MARKET,NORMAL,2026-09-02,30600.0,15.686274509803932,13.0,B,69.32,False,반도체소부장,74.21052631578948,10.0,97,RECOVERING,6.059322033898305,True,18354060373.75,81.86966292134831,섹터 74 / 대장 10위 / 주봉 RECOVERING / ATR 6.1%,kangto_rank_v2
2026-09-21,029460,케이씨,44600,kangto_core,kangto_core_v3,WITH_MARKET,LATE,2026-08-05,31850.0,40.03139717425432,32.0,B,81.58,False,반도체소부장,74.21052631578948,7.0,97,STRONG,4.932735426008969,False,1425144838.75,77.75393258426966,섹터 74 / 대장 7위 / 주봉 STRONG / ATR 4.9%,kangto_rank_v2
2026-09-22,059090,미코,22600,kangto_core,kangto_core_v3,COUNTERTREND,FRESH,2026-09-11,20600.0,9.708737864077666,7.0,B,59.74,False,반도체소부장,74.21052631578948,39.0,97,RECOVERING,5.267699115044247,True,6271028345.25,87.09775280898876,섹터 74 / 대장 39위 / 주봉 RECOVERING / ATR 5.3%,kangto_rank_v2
2026-09-22,095340,ISC,208000,kangto_core,kangto_core_v3,COUNTERTREND,FRESH,2026-09-22,208000.0,0.0,0.0,B,59.08,False,반도체소부장,74.21052631578948,36.0,97,RECOVERING,5.9735576923076925,True,28720298657.5,87.61685393258426,섹터 74 / 대장 36위 / 주봉 RECOVERING / ATR 6.0%,kangto_rank_v2
2026-09-22,222800,심텍,148100,kangto_core,kangto_core_v3,COUNTERTREND,NORMAL,2026-08-10,115900.0,27.78257118205349,30.0,B,70.14,False,IT하드웨어,59.99999999999999,10.0,51,STRONG,6.537812288993923,True,100963656247.5,92.62247191011235,섹터 60 / 대장 10위 / 주봉 STRONG / ATR 6.5%,kangto_rank_v2
2026-09-22,425420,티에프이,64400,kangto_core,kangto_core_v3,COUNTERTREND,NORMAL,2026-09-11,55800.0,15.412186379928317,7.0,B,64.68,False,반도체소부장,74.21052631578948,9.0,97,RECOVERING,6.288819875776397,True,7860857282.5,86.43033707865169,섹터 74 / 대장 9위 / 주봉 RECOVERING / ATR 6.3%,kangto_rank_v2
2026-09-22,003490,대한항공,31400,kangto_core,kangto_core_v3,WITH_MARKET,NORMAL,2026-08-07,27150.0,15.653775322283604,31.0,S,83.43,True,운송,73.42105263157895,2.0,22,STRONG,3.5987261146496814,True,88319817328.75,48.832584269662924,섹터 73 / 대장 2위 / 주봉 STRONG / ATR 3.6%,kangto_rank_v2
2026-09-22,020560,아시아나항공,8370,kangto_core,kangto_core_v3,WITH_MARKET,NORMAL,2026-08-10,7210.0,16.088765603328703,30.0,B,72.98,False,운송,73.42105263157895,7.0,22,STRONG,3.751493428912784,False,1490065722.75,31.183146067415734,섹터 73 / 대장 7위 / 주봉 STRONG / ATR 3.8%,kangto_rank_v2
2026-09-23,017890,한국알콜,15390,kangto_core,kangto_core_v3,COUNTERTREND,NO_EARLY,,,,,A,74.53,True,소재,55.0,4.0,75,STRONG,3.221247563352826,False,762822686.5,86.24494382022472,섹터 55 / 대장 4위 / 주봉 STRONG / ATR 3.2%,kangto_rank_v2
2026-09-23,084370,유진테크,163600,kangto_core,kangto_core_v3,COUNTERTREND,FRESH,2026-09-23,163600.0,0.0,0.0,B,58.91,False,반도체소부장,79.73684210526315,55.0,97,RECOVERING,5.878667481662592,True,20824383042.5,87.9876404494382,섹터 80 / 대장 55위 / 주봉 RECOVERING / ATR 5.9%,kangto_rank_v2
2026-09-23,114810,한솔아이원스,14770,kangto_core,kangto_core_v3,COUNTERTREND,FRESH,2026-09-23,14770.0,0.0,0.0,C,54.8,False,반도체소부장,79.73684210526315,82.0,97,RECOVERING,5.6093432633716995,False,2706489077.0,78.0876404494382,섹터 80 / 대장 82위 / 주봉 RECOVERING / ATR 5.6%,kangto_rank_v2
2026-09-23,417840,저스템,17080,kangto_core,kangto_core_v3,COUNTERTREND,FRESH,2026-09-11,15720.0,8.651399491094146,8.0,B,67.6,False,반도체소부장,79.73684210526315,22.0,97,STRONG,6.252927400468384,False,14951021049.25,89.1370786516854,섹터 80 / 대장 22위 / 주봉 STRONG / ATR 6.3%,kangto_rank_v2
2026-09-23,446540,메가터치,10900,kangto_core,kangto_core_v3,COUNTERTREND,LATE,2026-08-10,7790.0,39.922978177150206,31.0,A,76.84,True,반도체소부장,79.73684210526315,2.0,97,STRONG,7.977064220183486,False,7966705264.75,92.4370786516854,섹터 80 / 대장 2위 / 주봉 STRONG / ATR 8.0%,kangto_rank_v2
2026-09-23,006120,SK디스커버리,60300,kangto_core,kangto_core_v3,WITH_MARKET,FRESH,2026-08-11,53700.0,12.290502793296088,30.0,B,67.36,False,에너지,52.63157894736842,5.0,20,STRONG,4.203980099502488,False,1390466599.2,36.74494382022472,섹터 53 / 대장 5위 / 주봉 STRONG / ATR 4.2%,kangto_rank_v2
2026-09-23,010955,S-Oil우,84000,kangto_core,kangto_core_v3,WITH_MARKET,LATE,2026-08-06,61400.0,36.807817589576544,33.0,B,77.4,False,UNKNOWN,,3.0,0,STRONG,4.5476190476190474,False,2053591670.0,82.24044943820225,섹터 ? / 대장 3위 / 주봉 STRONG / ATR 4.5%,kangto_rank_v2
2026-09-28,009240,한샘,40750,kangto_core,kangto_core_v3,WITH_MARKET,FRESH,2026-08-04,39000.0,4.487179487179493,36.0,B,64.6,False,건설,55.78947368421052,14.0,36,STRONG,2.607361963190184,False,1508584905.0,29.180898876404495,섹터 56 / 대장 14위 / 주봉 STRONG / ATR 2.6%,kangto_rank_v2
2026-09-28,025000,KPX케미칼,57700,kangto_core,kangto_core_v3,WITH_MARKET,FRESH,2026-08-24,54000.0,6.851851851851842,23.0,A,79.94,True,소재,67.63157894736841,5.0,75,STRONG,2.1837088388214907,False,262500565.0,39.74831460674157,섹터 68 / 대장 5위 / 주봉 STRONG / ATR 2.2%,kangto_rank_v2
2026-09-28,284740,쿠쿠홈시스,24300,kangto_core,kangto_core_v3,WITH_MARKET,FRESH,2026-08-24,22850.0,6.345733041575485,23.0,B,59.09,False,소비재,39.47368421052631,15.0,101,RECOVERING,2.6131687242798356,False,273222316.25,28.10561797752809,섹터 39 / 대장 15위 / 주봉 RECOVERING / ATR 2.6%,kangto_rank_v2
2026-09-29,031980,피에스케이홀딩스,180800,kangto_core,kangto_core_v3,COUNTERTREND,LATE,2026-08-27,127000.0,42.36220472440946,21.0,B,79.88,False,반도체소부장,79.73684210526315,11.0,99,STRONG,7.721238938053097,True,28590847322.5,91.96032934131736,섹터 80 / 대장 11위 / 주봉 STRONG / ATR 7.7%,kangto_rank_v2
2026-09-29,064760,티씨케이,300000,kangto_core,kangto_core_v3,COUNTERTREND,NORMAL,2026-08-14,244000.0,22.95081967213115,29.0,B,64.79,False,반도체소부장,79.73684210526315,33.0,99,RECOVERING,6.183333333333333,True,17971871100.0,85.66167664670658,섹터 80 / 대장 33위 / 주봉 RECOVERING / ATR 6.2%,kangto_rank_v2
2026-09-29,101160,월덱스,32250,kangto_core,kangto_core_v3,COUNTERTREND,NO_EARLY,,,,,B,72.58,False,반도체소부장,79.73684210526315,57.0,99,STRONG,3.511627906976744,False,1307258506.25,80.65980538922156,섹터 80 / 대장 57위 / 주봉 STRONG / ATR 3.5%,kangto_rank_v2
2026-09-29,219130,타이거일렉,91000,kangto_core,kangto_core_v3,COUNTERTREND,NO_EARLY,,,,,A,80.35,False,반도체소부장,79.73684210526315,5.0,99,STRONG,6.065934065934066,False,3102708235.0,93.96107784431138,섹터 80 / 대장 5위 / 주봉 STRONG / ATR 6.1%,kangto_rank_v2
2026-09-29,252990,샘씨엔에스,19950,kangto_core,kangto_core_v3,COUNTERTREND,NO_EARLY,,,,,S,80.9,True,반도체소부장,79.73684210526315,2.0,99,STRONG,6.338345864661655,True,12584244082.75,91.18226047904191,섹터 80 / 대장 2위 / 주봉 STRONG / ATR 6.3%,kangto_rank_v2
2026-09-29,029460,케이씨,46250,kangto_core,kangto_core_v3,WITH_MARKET,CLIMAX_RISK,2026-08-05,31850.0,45.211930926216645,36.0,B,81.97,False,반도체소부장,79.73684210526315,17.0,99,STRONG,4.172972972972973,False,1417501985.0,77.21407185628743,섹터 80 / 대장 17위 / 주봉 STRONG / ATR 4.2%,kangto_rank_v2
2026-09-30,036930,주성엔지니어링,232500,kangto_core,kangto_core_v3,COUNTERTREND,FRESH,2026-09-09,206500.0,12.590799031476996,13.0,B,73.94,False,반도체소부장,100.0,48.0,99,STRONG,6.497849462365592,True,267077324480.0,95.92592592592592,섹터 100 / 대장 48위 / 주봉 STRONG / ATR 6.5%,kangto_rank_v2
2026-09-30,059090,미코,23200,kangto_core,kangto_core_v3,COUNTERTREND,FRESH,2026-09-11,20600.0,12.621359223300963,11.0,B,72.86,False,반도체소부장,100.0,42.0,99,STRONG,5.241379310344827,True,7180660767.0,87.14814814814815,섹터 100 / 대장 42위 / 주봉 STRONG / ATR 5.2%,kangto_rank_v2
2026-09-30,078350,한양디지텍,31950,kangto_core,kangto_core_v3,COUNTERTREND,FRESH,2026-09-30,31950.0,0.0,0.0,B,66.92,False,반도체소부장,100.0,17.0,99,RECOVERING,5.804381846635367,False,10824916063.25,87.77777777777777,섹터 100 / 대장 17위 / 주봉 RECOVERING / ATR 5.8%,kangto_rank_v2
2026-09-30,122640,예스티,33600,kangto_core,kangto_core_v3,COUNTERTREND,FRESH,2026-09-09,31350.0,7.177033492822971,13.0,B,67.04,False,반도체소부장,100.0,88.0,99,STRONG,5.684523809523809,True,11142846447.5,86.66666666666667,섹터 100 / 대장 88위 / 주봉 STRONG / ATR 5.7%,kangto_rank_v2
2026-09-30,001120,LX인터내셔널,43300,kangto_core,kangto_core_v3,WITH_MARKET,FRESH,2026-09-14,40650.0,6.519065190651907,10.0,B,61.84,False,산업재,70.0,23.0,93,RECOVERING,3.3775981524249423,False,4170855975.0,37.55555555555556,섹터 70 / 대장 23위 / 주봉 RECOVERING / ATR 3.4%,kangto_rank_v2
2026-09-30,020000,한섬,21000,kangto_core,kangto_core_v3,WITH_MARKET,FRESH,2026-09-28,20350.0,3.194103194103204,2.0,C,47.4,False,소비재,22.63157894736842,82.0,101,RECOVERING,3.419047619047619,False,2742423790.75,42.03703703703704,섹터 23 / 대장 82위 / 주봉 RECOVERING / ATR 3.4%,kangto_rank_v2
2026-09-30,306200,세아제강,153200,kangto_core,kangto_core_v3,WITH_MARKET,FRESH,2026-08-10,136300.0,12.399119589141597,34.0,B,58.51,False,소재,51.05263157894737,20.0,76,RECOVERING,4.105744125326371,False,1587918647.5,41.59259259259259,섹터 51 / 대장 20위 / 주봉 RECOVERING / ATR 4.1%,kangto_rank_v2
2026-10-02,005160,동국산업,3970,kangto_core,kangto_core_v3,COUNTERTREND,NO_EARLY,,,,,B,62.54,False,소재,51.05263157894737,2.0,78,RECOVERING,8.36272040302267,False,10658981771.6,85.99513473053892,섹터 51 / 대장 2위 / 주봉 RECOVERING / ATR 8.4%,kangto_rank_v2
2026-10-02,036710,심텍홀딩스,4960,kangto_core,kangto_core_v3,COUNTERTREND,FRESH,2026-09-28,4690.0,5.756929637526653,4.0,B,67.25,False,반도체소부장,98.94736842105263,61.0,102,STRONG,5.609879032258065,False,1512141921.15,85.5875748502994,섹터 99 / 대장 61위 / 주봉 STRONG / ATR 5.6%,kangto_rank_v2
2026-10-02,064290,인텍플러스,59100,kangto_core,kangto_core_v3,COUNTERTREND,CLIMAX_RISK,2026-09-04,40150.0,47.19800747198008,18.0,B,80.41,False,반도체소부장,98.94736842105263,16.0,102,STRONG,8.117597292724197,True,21004650882.5,92.55314371257485,섹터 99 / 대장 16위 / 주봉 STRONG / ATR 8.1%,kangto_rank_v2
2026-10-06,031980,피에스케이홀딩스,197000,kangto_core,kangto_core_v3,COUNTERTREND,CLIMAX_RISK,2026-08-27,127000.0,55.11811023622046,25.0,B,81.88,False,반도체소부장,98.94736842105263,13.0,102,STRONG,7.4822335025380715,True,31801761407.5,91.66392215568862,섹터 99 / 대장 13위 / 주봉 STRONG / ATR 7.5%,kangto_rank_v2
2026-10-06,091580,상신이디피,24850,kangto_core,kangto_core_v3,COUNTERTREND,FRESH,2026-08-27,22450.0,10.690423162583528,25.0,B,69.63,False,IT가전,90.26315789473684,9.0,22,STRONG,6.086519114688129,False,6468374087.5,86.73615269461078,섹터 90 / 대장 9위 / 주봉 STRONG / ATR 6.1%,kangto_rank_v2
2026-10-06,236200,슈프리마,60400,kangto_core,kangto_core_v3,COUNTERTREND,NO_EARLY,,,,,B,78.01,False,IT하드웨어,89.99999999999999,31.0,51,STRONG,3.716887417218543,False,1390027617.5,84.29079341317366,섹터 90 / 대장 31위 / 주봉 STRONG / ATR 3.7%,kangto_rank_v2
2026-10-06,006400,삼성SDI,575000,kangto_core,kangto_core_v3,WITH_MARKET,FRESH,2026-08-14,516000.0,11.43410852713178,33.0,B,72.84,False,이차전지,89.21052631578947,6.0,13,STRONG,3.817391304347826,True,184844889875.0,83.17926646706587,섹터 89 / 대장 6위 / 주봉 STRONG / ATR 3.8%,kangto_rank_v2
2026-10-06,007660,이수페타시스,131900,kangto_core,kangto_core_v3,WITH_MARKET,FRESH,2026-09-23,118900.0,10.933557611438191,6.0,B,66.57,False,반도체소부장,98.94736842105263,78.0,102,RECOVERING,5.379075056861258,True,82114267017.5,75.69498502994011,섹터 99 / 대장 78위 / 주봉 RECOVERING / ATR 5.4%,kangto_rank_v2
2026-10-06,192820,코스맥스,298000,kangto_core,kangto_core_v3,WITH_MARKET,CLIMAX_RISK,2026-08-04,195200.0,52.663934426229496,41.0,B,67.58,False,소비재,18.157894736842103,3.0,100,STRONG,5.503355704697987,True,27963096887.5,78.43675149700599,섹터 18 / 대장 3위 / 주봉 STRONG / ATR 5.5%,kangto_rank_v2
2026-10-06,226320,잇츠한불,11260,kangto_core,kangto_core_v3,WITH_MARKET,FRESH,2026-08-11,11020.0,2.177858439201441,36.0,B,56.18,False,소비재,18.157894736842103,22.0,100,STRONG,2.5355239786856125,False,227959786.5,40.53368263473054,섹터 18 / 대장 22위 / 주봉 STRONG / ATR 2.5%,kangto_rank_v2
2026-10-06,373220,LG에너지솔루션,390000,kangto_core,kangto_core_v3,WITH_MARKET,FRESH,2026-08-31,378000.0,3.174603174603185,23.0,B,59.98,False,이차전지,89.21052631578947,12.0,13,RECOVERING,3.717948717948718,True,101659985275.0,39.31100299401197,섹터 89 / 대장 12위 / 주봉 RECOVERING / ATR 3.7%,kangto_rank_v2
2026-10-07,041960,코미팜,11000,kangto_core,kangto_core_v3,COUNTERTREND,NO_EARLY,,,,,B,72.63,False,제약바이오,51.84210526315789,6.0,123,STRONG,4.3999999999999995,False,2617700660.25,84.54473979782853,섹터 52 / 대장 6위 / 주봉 STRONG / ATR 4.4%,kangto_rank_v2
2026-10-07,131290,티에스이,316000,kangto_core,kangto_core_v3,COUNTERTREND,NO_EARLY,,,,,B,79.14,False,반도체소부장,98.94736842105263,27.0,102,STRONG,7.943037974683544,True,41748820662.5,94.40396855110446,섹터 99 / 대장 27위 / 주봉 STRONG / ATR 7.9%,kangto_rank_v2
2026-10-07,219130,타이거일렉,98000,kangto_core,kangto_core_v3,COUNTERTREND,NO_EARLY,,,,,B,82.98,False,반도체소부장,98.94736842105263,7.0,102,STRONG,6.821428571428571,False,3712962722.5,93.18083114938226,섹터 99 / 대장 7위 / 주봉 STRONG / ATR 6.8%,kangto_rank_v2
2026-10-07,002320,한진,16860,kangto_core,kangto_core_v3,WITH_MARKET,FRESH,2026-10-07,16860.0,0.0,0.0,C,54.17,False,운송,56.84210526315789,17.0,22,RECOVERING,2.286476868327402,False,533915111.25,23.01722201422688,섹터 57 / 대장 17위 / 주봉 RECOVERING / ATR 2.3%,kangto_rank_v2
2026-10-07,002960,한국쉘석유,541000,kangto_core,kangto_core_v3,WITH_MARKET,FRESH,2026-08-04,499500.0,8.308308308308309,42.0,B,68.61,False,소재,51.05263157894737,48.0,77,STRONG,1.9038817005545285,False,458381200.0,49.92624485211531,섹터 51 / 대장 48위 / 주봉 STRONG / ATR 1.9%,kangto_rank_v2
2026-10-07,008930,한미사이언스,58100,kangto_core,kangto_core_v3,WITH_MARKET,CLIMAX_RISK,2026-08-04,39200.0,48.21428571428572,42.0,B,73.57,False,제약바이오,51.84210526315789,10.0,123,STRONG,5.748709122203098,True,14787662991.25,79.72631973043804,섹터 52 / 대장 10위 / 주봉 STRONG / ATR 5.7%,kangto_rank_v2
2026-10-07,078520,에이블씨엔씨,11880,kangto_core,kangto_core_v3,WITH_MARKET,FRESH,2026-08-07,11930.0,-0.419111483654655,39.0,C,47.74,False,소비재,23.421052631578945,40.0,100,RECOVERING,3.867845117845118,False,906607393.5,42.36503182328716,섹터 23 / 대장 40위 / 주봉 RECOVERING / ATR 3.9%,kangto_rank_v2
2026-10-07,383220,F&F,74100,kangto_core,kangto_core_v3,WITH_MARKET,FRESH,2026-09-28,69600.0,6.465517241379315,6.0,C,52.43,False,소비재,23.421052631578945,83.0,100,RECOVERING,2.8609986504723346,False,3215792132.65,40.845376263571694,섹터 23 / 대장 83위 / 주봉 RECOVERING / ATR 2.9%,kangto_rank_v2
