ticker,name,market,first_early_date,first_early_close
000080,하이트진로,KOSPI,2026-08-10,15710.0
000240,한국앤컴퍼니,KOSPI,2026-08-10,25950.0
000370,한화손해보험,KOSPI,2026-08-26,7700.0
000430,대원강업,KOSPI,2026-08-26,4375.0
000640,동아쏘시오홀딩스,KOSPI,2026-08-04,88000.0
000810,삼성화재,KOSPI,2026-08-06,648000.0
000815,삼성화재우,KOSPI,2026-08-11,406500.0
000880,한화,KOSPI,2026-08-25,118100.0
001060,JW중외제약,KOSPI,2026-08-12,30000.0
001450,현대해상,KOSPI,2026-08-06,38650.0
001680,대상,KOSPI,2026-08-10,18370.0
001790,대한제당,KOSPI,2026-08-20,2810.0
001800,오리온홀딩스,KOSPI,2026-08-03,25500.0
001940,KISCO홀딩스,KOSPI,2026-08-06,26700.0
002310,아세아제지,KOSPI,2026-08-25,8560.0
002790,아모레퍼시픽홀딩스,KOSPI,2026-08-21,26000.0
002810,삼영무역,KOSPI,2026-08-11,23700.0
002840,미원상사,KOSPI,2026-08-24,131800.0
002900,TYM,KOSPI,2026-08-11,7060.0
002960,한국쉘석유,KOSPI,2026-08-04,499500.0
002990,금호건설,KOSPI,2026-08-13,14370.0
003070,코오롱글로벌,KOSPI,2026-08-12,10500.0
003120,일성아이에스,KOSPI,2026-08-25,20950.0
003230,삼양식품,KOSPI,2026-08-04,1219000.0
003300,한일홀딩스,KOSPI,2026-08-24,18180.0
003490,대한항공,KOSPI,2026-08-07,27150.0
003650,미창석유,KOSPI,2026-08-03,141700.0
003690,코리안리,KOSPI,2026-08-19,14930.0
003850,보령,KOSPI,2026-08-05,8690.0
003920,남양유업,KOSPI,2026-08-10,44950.0
003960,사조대림,KOSPI,2026-08-10,32200.0
004360,세방,KOSPI,2026-08-07,13180.0
004370,농심,KOSPI,2026-08-14,437500.0
004430,송원산업,KOSPI,2026-08-10,12590.0
004490,세방전지,KOSPI,2026-08-07,55600.0
004690,삼천리,KOSPI,2026-08-04,118900.0
005090,SGC에너지,KOSPI,2026-08-04,50400.0
005180,빙그레,KOSPI,2026-08-03,67800.0
005430,한국공항,KOSPI,2026-08-05,91800.0
005610,삼립,KOSPI,2026-08-11,41200.0
005680,삼영전자,KOSPI,2026-08-10,13930.0
005720,넥센,KOSPI,2026-08-10,6260.0
005830,DB손해보험,KOSPI,2026-08-18,182000.0
005850,에스엘,KOSPI,2026-08-14,61600.0
005945,NH투자증권우,KOSPI,2026-08-07,24900.0
006040,동원산업,KOSPI,2026-08-04,36950.0
006120,SK디스커버리,KOSPI,2026-08-11,53700.0
006280,녹십자,KOSPI,2026-08-07,129900.0
006340,대원전선,KOSPI,2026-08-06,14400.0
006360,GS건설,KOSPI,2026-08-06,32600.0
006400,삼성SDI,KOSPI,2026-08-14,516000.0
007070,GS리테일,KOSPI,2026-08-04,25050.0
007160,사조산업,KOSPI,2026-08-04,52000.0
007310,오뚜기,KOSPI,2026-08-06,334500.0
007340,DN오토모티브,KOSPI,2026-08-24,47800.0
007690,국도화학,KOSPI,2026-08-19,37950.0
008490,서흥,KOSPI,2026-08-06,22850.0
008930,한미사이언스,KOSPI,2026-08-04,39200.0
009160,SIMPAC,KOSPI,2026-08-19,4890.0
009240,한샘,KOSPI,2026-08-04,39000.0
009410,태영건설,KOSPI,2026-08-28,1693.0
009420,한올바이오파마,KOSPI,2026-08-07,54100.0
009450,경동나비엔,KOSPI,2026-08-04,68500.0
009540,HD한국조선해양,KOSPI,2026-08-05,396000.0
009680,모토닉,KOSPI,2026-08-04,9970.0
009970,영원무역홀딩스,KOSPI,2026-08-06,203000.0
010060,OCI홀딩스,KOSPI,2026-08-20,290000.0
010950,S-Oil,KOSPI,2026-08-04,125800.0
010955,S-Oil우,KOSPI,2026-08-06,61400.0
011200,HMM,KOSPI,2026-08-19,21700.0
011780,금호석유화학,KOSPI,2026-08-06,121700.0
012450,한화에어로스페이스,KOSPI,2026-08-13,1185000.0
012630,HDC,KOSPI,2026-08-05,22200.0
012750,에스원,KOSPI,2026-08-06,75000.0
014820,동원시스템즈,KOSPI,2026-08-07,22250.0
016380,KG스틸,KOSPI,2026-08-04,5580.0
017670,SK텔레콤,KOSPI,2026-08-18,99800.0
017940,E1,KOSPI,2026-08-19,93000.0
018670,SK가스,KOSPI,2026-08-07,228000.0
019010,베뉴지,KOSDAQ,2026-08-19,5180.0
020560,아시아나항공,KOSPI,2026-08-10,7210.0
021240,코웨이,KOSPI,2026-08-06,96600.0
025000,KPX케미칼,KOSPI,2026-08-24,54000.0
026960,동서,KOSPI,2026-08-04,25400.0
027410,BGF,KOSPI,2026-08-07,4120.0
028050,삼성E&A,KOSPI,2026-08-05,49100.0
028100,동아지질,KOSPI,2026-08-03,17380.0
028260,삼성물산,KOSPI,2026-08-21,395500.0
02826K,삼성물산우B,KOSPI,2026-08-20,232000.0
028670,팬오션,KOSPI,2026-08-04,5640.0
029460,케이씨,KOSPI,2026-08-05,31850.0
030000,제일기획,KOSPI,2026-08-03,18950.0
030190,NICE평가정보,KOSPI,2026-08-03,14160.0
031980,피에스케이홀딩스,KOSDAQ,2026-08-27,127000.0
032640,LG유플러스,KOSPI,2026-08-04,14930.0
033270,유나이티드제약,KOSPI,2026-08-04,17880.0
033780,KT&G,KOSPI,2026-08-07,188800.0
033920,무학,KOSPI,2026-08-26,7890.0
034310,NICE,KOSPI,2026-08-26,13330.0
03473K,SK우,KOSPI,2026-08-27,380000.0
035150,백산,KOSPI,2026-08-21,10750.0
035420,NAVER,KOSPI,2026-08-04,226500.0
036460,한국가스공사,KOSPI,2026-08-06,34750.0
037710,광주신세계,KOSPI,2026-08-11,41950.0
043150,바텍,KOSDAQ,2026-08-18,20050.0
044820,코스맥스비티아이,KOSPI,2026-08-04,21050.0
047810,한국항공우주,KOSPI,2026-08-07,154200.0
051900,LG생활건강,KOSPI,2026-08-27,298500.0
051905,LG생활건강우,KOSPI,2026-08-26,108500.0
054950,제이브이엠,KOSDAQ,2026-08-05,24150.0
055550,신한지주,KOSPI,2026-08-06,107400.0
056190,SFA,KOSDAQ,2026-08-14,25550.0
058610,에스피지,KOSDAQ,2026-08-14,118600.0
058650,세아홀딩스,KOSPI,2026-08-24,132600.0
060980,HL홀딩스,KOSPI,2026-08-13,40400.0
061970,LB세미콘,KOSDAQ,2026-08-20,5220.0
064760,티씨케이,KOSDAQ,2026-08-14,244000.0
065710,서호전기,KOSDAQ,2026-08-05,44000.0
068270,셀트리온,KOSPI,2026-08-04,185800.0
069260,TKG휴켐스,KOSPI,2026-08-10,16200.0
073240,금호타이어,KOSPI,2026-08-03,6660.0
078020,LS증권,KOSDAQ,2026-08-18,6720.0
078340,컴투스,KOSDAQ,2026-08-05,30950.0
078520,에이블씨엔씨,KOSPI,2026-08-07,11930.0
079160,CJ CGV,KOSPI,2026-08-27,5370.0
079550,LIG디펜스앤에어로스페이스,KOSPI,2026-08-04,801000.0
080580,오킨스전자,KOSDAQ,2026-08-25,19400.0
081660,미스토홀딩스,KOSPI,2026-08-03,44000.0
082640,동양생명,KOSPI,2026-08-19,8250.0
084690,대상홀딩스,KOSPI,2026-08-10,7950.0
085620,미래에셋생명,KOSPI,2026-08-20,26600.0
086280,현대글로비스,KOSPI,2026-08-06,207500.0
086790,하나금융지주,KOSPI,2026-08-03,126900.0
088350,한화생명,KOSPI,2026-08-14,5630.0
089860,롯데렌탈,KOSPI,2026-08-13,42500.0
090430,아모레퍼시픽,KOSPI,2026-08-19,133100.0
090435,아모레퍼시픽우,KOSPI,2026-08-19,43600.0
091580,상신이디피,KOSDAQ,2026-08-27,22450.0
092230,KPX홀딩스,KOSPI,2026-08-03,83600.0
093050,LF,KOSPI,2026-08-24,23500.0
093520,매커스,KOSDAQ,2026-08-10,25050.0
094800,맵스리얼티,KOSPI,2026-08-27,7180.0
095570,AJ네트웍스,KOSPI,2026-08-10,4560.0
096760,JW홀딩스,KOSPI,2026-08-12,4180.0
096770,SK이노베이션,KOSPI,2026-08-04,111300.0
097950,CJ제일제당,KOSPI,2026-08-07,204500.0
098120,마이크로컨텍솔,KOSDAQ,2026-08-14,29100.0
098460,고영,KOSDAQ,2026-08-11,32800.0
100250,진양홀딩스,KOSPI,2026-08-21,3160.0
102710,이엔에프테크놀로지,KOSDAQ,2026-08-05,46150.0
104700,한국철강,KOSPI,2026-08-10,9770.0
105560,KB금융,KOSPI,2026-08-03,169500.0
108670,LX하우시스,KOSPI,2026-08-04,33350.0
122900,아이마켓코리아,KOSPI,2026-08-07,7990.0
123330,제닉,KOSDAQ,2026-08-10,29600.0
123890,한국자산신탁,KOSPI,2026-08-20,2485.0
126560,현대퓨처넷,KOSPI,2026-08-03,3185.0
127120,제이에스링크,KOSDAQ,2026-08-19,36700.0
128940,한미약품,KOSPI,2026-08-24,540000.0
136490,선진,KOSPI,2026-08-05,10100.0
138040,메리츠금융지주,KOSPI,2026-08-24,115400.0
144960,뉴파워프라즈마,KOSDAQ,2026-08-25,9790.0
145020,휴젤,KOSDAQ,2026-08-07,273500.0
145990,삼양사,KOSPI,2026-08-26,45800.0
160980,싸이맥스,KOSDAQ,2026-08-13,34950.0
161390,한국타이어앤테크놀로지,KOSPI,2026-08-06,70500.0
161890,한국콜마,KOSPI,2026-08-04,101300.0
175330,JB금융지주,KOSPI,2026-08-03,27100.0
180640,한진칼,KOSPI,2026-08-06,127200.0
183190,아세아시멘트,KOSPI,2026-08-27,10550.0
192400,쿠쿠홀딩스,KOSPI,2026-08-03,26300.0
192820,코스맥스,KOSPI,2026-08-04,195200.0
194370,제이에스코퍼레이션,KOSPI,2026-08-03,13230.0
194700,노바렉스,KOSDAQ,2026-08-06,15460.0
200880,서연이화,KOSPI,2026-08-11,12860.0
204320,HL만도,KOSPI,2026-08-13,55500.0
204620,글로벌텍스프리,KOSDAQ,2026-08-25,5150.0
206640,바디텍메드,KOSDAQ,2026-08-07,10990.0
207940,삼성바이오로직스,KOSPI,2026-08-19,1544000.0
214320,이노션,KOSPI,2026-08-05,19320.0
222800,심텍,KOSDAQ,2026-08-10,115900.0
225570,넥슨게임즈,KOSDAQ,2026-08-26,10890.0
226320,잇츠한불,KOSPI,2026-08-11,11020.0
237880,클리오,KOSDAQ,2026-08-12,12160.0
241560,두산밥캣,KOSPI,2026-08-10,64900.0
244920,에이플러스에셋,KOSPI,2026-08-05,12290.0
251970,펌텍코리아,KOSDAQ,2026-08-13,54800.0
257720,실리콘투,KOSDAQ,2026-08-07,39300.0
264850,이랜시스,KOSDAQ,2026-08-10,6750.0
267250,HD현대,KOSPI,2026-08-14,235500.0
268280,미원에스씨,KOSPI,2026-08-27,130300.0
271560,오리온,KOSPI,2026-08-07,137600.0
278470,에이피알,KOSPI,2026-08-12,397000.0
280360,롯데웰푸드,KOSPI,2026-08-07,116900.0
282330,BGF리테일,KOSPI,2026-08-04,125300.0
284740,쿠쿠홈시스,KOSPI,2026-08-24,22850.0
286940,롯데이노베이트,KOSPI,2026-08-06,18500.0
294870,IPARK현대산업개발,KOSPI,2026-08-25,22400.0
298000,효성화학,KOSPI,2026-08-03,65500.0
300720,한일시멘트,KOSPI,2026-08-19,15190.0
306200,세아제강,KOSPI,2026-08-10,136300.0
316140,우리금융지주,KOSPI,2026-08-19,33500.0
330590,롯데리츠,KOSPI,2026-08-04,3625.0
332570,PS일렉트로닉스,KOSDAQ,2026-08-13,11160.0
334890,이지스밸류플러스리츠,KOSPI,2026-08-10,3700.0
344820,KCC글라스,KOSPI,2026-08-06,23800.0
357120,코람코라이프인프라리츠,KOSPI,2026-08-04,4220.0
377450,리파인,KOSDAQ,2026-08-05,13180.0
377740,바이오노트,KOSPI,2026-08-07,4845.0
404990,신한서부티엔디리츠,KOSPI,2026-08-03,3935.0
415640,KB발해인프라,KOSPI,2026-08-28,10450.0
417310,코람코더원리츠,KOSPI,2026-08-05,10750.0
443060,HD현대마린솔루션,KOSPI,2026-08-19,209500.0
446540,메가터치,KOSDAQ,2026-08-10,7790.0
448730,삼성FN리츠,KOSPI,2026-08-03,5380.0
451800,한화리츠,KOSPI,2026-08-27,5280.0
453340,현대그린푸드,KOSPI,2026-08-03,17830.0
461300,아이스크림미디어,KOSDAQ,2026-08-26,19500.0
462870,시프트업,KOSPI,2026-08-10,32400.0
483650,달바글로벌,KOSPI,2026-08-03,223500.0
