ticker,sector_leader_rank,sector_leader_score_raw,return20_rank,return60_rank,distance_high52_rank,sector,krx_sector
092870,1.0,94.31897346007776,62.02143950995407,257.4324324324324,-3.1135531135531136,반도체소부장,기계·장비
033170,2.0,94.07722339010682,86.93946188340806,625.0,-6.713286713286715,반도체소부장,전기·전자
036540,3.0,92.47982701072753,102.1390374331551,126.79999999999998,-8.326596604688763,반도체소부장,전기·전자
080580,4.0,88.91567016741188,45.55325749741468,126.4682220434433,-4.576271186440673,반도체소부장,전기·전자
446540,5.0,88.91548306989463,54.57102672292547,89.1566265060241,-6.148590947907772,반도체소부장,전기·전자
098120,6.0,88.72723731619439,42.352941176470594,192.97820823244552,-3.9682539682539653,반도체소부장,전기·전자
219130,7.0,86.8771599312492,62.25165562913908,55.30903328050714,-2.293120638085744,반도체소부장,전기·전자
031980,8.0,86.24884141766341,41.66666666666667,75.55938037865748,-2.1582733812949617,반도체소부장,기계·장비
144960,9.0,84.94197123031479,50.57077625570776,70.63389391979302,-6.054131054131052,반도체소부장,기계·장비
217190,10.0,84.42831087002867,51.15894039735098,92.00841219768665,-11.872586872586876,반도체소부장,기계·장비
078350,11.0,83.31032142807683,94.02985074626866,90.57591623036649,-17.83295711060948,반도체소부장,전기·전자
281820,12.0,81.04678771908154,80.61674008810573,48.01444043321299,-8.277404921700226,반도체소부장,의료·정밀기기
003160,13.0,80.90158894308034,32.95999999999999,95.52941176470588,-5.353075170842825,반도체소부장,의료·정밀기기
252990,14.0,80.65437208958534,39.45827232796486,75.41436464088397,-8.192771084337346,반도체소부장,전기·전자
097800,15.0,80.46915267077469,85.41666666666667,95.17543859649122,-21.499448732083792,반도체소부장,전기·전자
089790,16.0,78.5182980801514,44.618599791013594,80.67885117493472,-13.93034825870647,반도체소부장,기계·장비
064290,17.0,77.36774534977165,45.70361145703612,46.24999999999999,-6.549520766773165,반도체소부장,기계·장비
200470,18.0,75.60886058165129,60.096153846153854,90.28571428571428,-23.740458015267173,반도체소부장,전기·전자
032580,19.0,74.95569536963346,66.48764769065521,67.20604099244876,-20.837589376915222,반도체소부장,전기·전자
077500,20.0,74.46017924288257,31.317204301075275,81.26159554730982,-9.953917050691242,반도체소부장,유통
029460,21.0,73.76103077730957,24.342105263157897,74.67652495378927,-1.3569937369519836,반도체소부장,의료·정밀기기
425040,22.0,72.97546012269939,79.71360381861574,72.11428571428571,-50.2970297029703,반도체소부장,화학
067310,23.0,72.18609406952964,45.48063127690101,48.46266471449488,-13.33333333333333,반도체소부장,전기·전자
172670,24.0,72.05521472392638,51.42857142857142,76.66666666666666,-30.000000000000004,반도체소부장,전기·전자
036930,25.0,71.65082519657824,38.810992708917546,54.6875,-12.852112676056338,반도체소부장,기계·장비
117670,26.0,69.41717791411043,64.21568627450979,55.632984901277595,-37.08920187793427,반도체소부장,전기·전자
131290,27.0,68.7963774466842,33.61522198731501,37.69063180827887,-5.952380952380953,반도체소부장,의료·정밀기기
232140,28.0,68.46625766871165,46.547314578005114,69.19291338582678,-28.81987577639752,반도체소부장,기계·장비
033640,29.0,66.50985098658954,44.5475638051044,66.31073144687667,-24.301336573511545,반도체소부장,전기·전자
077360,30.0,66.47239263803681,36.97813121272367,77.12082262210798,-34.69194312796209,반도체소부장,전기·전자
365590,31.0,65.79754601226995,85.18518518518519,40.77669902912622,-65.47619047619048,반도체소부장,전기·전자
417840,32.0,65.72433997380575,24.42091330244871,92.03268641470889,-15.505617977528086,반도체소부장,기계·장비
253590,33.0,65.33742331288343,41.186891054030106,67.0859538784067,-25.51401869158878,반도체소부장,기계·장비
079370,34.0,64.14110429447852,39.3069306930693,61.16838487972509,-32.840095465393794,반도체소부장,기계·장비
052860,35.0,62.849924618990045,19.55484896661368,85.67901234567901,-8.515815085158152,반도체소부장,전기·전자
036810,36.0,62.423312883435585,35.029354207436405,66.26506024096386,-32.35294117647059,반도체소부장,전기·전자
425420,37.0,62.39299334391359,22.960151802656537,88.09869375907111,-16.602316602316602,반도체소부장,전기·전자
033160,38.0,61.901840490797554,45.57872034507548,43.718949609652235,-45.270270270270274,반도체소부장,전기·전자
382800,39.0,61.59509202453988,37.875751503006015,55.30474040632054,-32.216748768472904,반도체소부장,기계·장비
432720,40.0,61.226993865030664,37.98358733880423,50.70422535211267,-63.390357698289264,반도체소부장,전기·전자
030530,41.0,60.613496932515346,29.11111111111111,77.1341463414634,-42.58893280632411,반도체소부장,화학
083310,42.0,60.61349693251534,35.54852320675106,53.158522050059595,-28.372352285395763,반도체소부장,기계·장비
417500,43.0,59.39327543622022,33.00423131170662,55.35420098846788,-23.457792207792206,반도체소부장,화학
105330,44.0,59.38908621246368,33.880597014925364,43.0622009569378,-21.31578947368421,반도체소부장,운송장비·부품
036710,45.0,59.17951864086833,30.25641025641026,57.27554179566563,-21.846153846153847,반도체소부장,일반서비스
405100,46.0,59.04907975460122,29.011461318051566,74.0096618357488,-25.57851239669422,반도체소부장,일반서비스
490470,47.0,58.65030674846625,57.00483091787441,29.261363636363647,,반도체소부장,일반서비스
053610,48.0,58.63230521923936,34.5,37.24489795918367,-20.804710500490675,반도체소부장,기계·장비
403870,49.0,58.12883435582822,28.93700787401574,71.24183006535947,-28.80434782608695,반도체소부장,기계·장비
089890,50.0,55.06134969325153,48.19819819819819,25.095057034220524,-35.99221789883269,반도체소부장,기계·장비
041520,51.0,54.52699476590723,13.864042933810383,57.3547589616811,-6.534508076358292,반도체소부장,의료·정밀기기
112290,52.0,53.80368098159509,33.83620689655174,36.48351648351649,-56.875,반도체소부장,화학
059090,53.0,53.4159718944995,26.522702104097462,49.05414220482713,-21.88034188034188,반도체소부장,전기·전자
412350,54.0,53.28220858895706,28.737864077669894,50.169875424688556,-54.71311475409837,반도체소부장,기계·장비
272110,55.0,52.88343558282209,33.81147540983606,35.47717842323652,-26.793721973094176,반도체소부장,전기·전자
355150,56.0,52.82208588957056,33.7874659400545,36.237513873473915,-61.700468018720755,반도체소부장,전기·전자
083450,57.0,52.705278846487126,30.69767441860465,32.86052009456264,-20.621468926553675,반도체소부장,기계·장비
000990,58.0,52.54601226993865,49.499443826473865,20.214669051878364,-41.691973969631235,반도체소부장,전기·전자
086390,59.0,52.05521472392638,28.77316857899381,46.78068410462777,-38.438818565400844,반도체소부장,기계·장비
357780,60.0,51.740247713855766,27.230769230769237,42.58620689655173,-21.9811320754717,반도체소부장,화학
131970,61.0,50.92024539877301,46.837146702557206,19.890109890109887,-44.591163026917215,반도체소부장,일반서비스
424980,62.0,48.92638036809816,21.35102533172497,67.66666666666667,-38.43329253365974,반도체소부장,전기·전자
195870,63.0,47.79141104294479,29.659318637274556,31.504065040650396,-40.36866359447004,반도체소부장,전기·전자
093520,64.0,47.17995305887577,9.732824427480914,72.1556886227545,-15.066469719350073,반도체소부장,유통
039030,65.0,47.16102571172537,16.930022573363424,50.144927536231876,-16.85393258426966,반도체소부장,기계·장비
101490,66.0,46.62576687116564,33.33333333333333,23.897911832946626,-50.7380073800738,반도체소부장,전기·전자
071280,67.0,45.24539877300613,21.657754010695186,48.20846905537459,-34.72022955523673,반도체소부장,기계·장비
445180,68.0,42.17791411042944,22.568578553615957,34.65753424657534,-26.64179104477612,반도체소부장,화학
058470,69.0,41.34969325153374,27.927927927927932,23.121387283237006,-33.95348837209302,반도체소부장,전기·전자
226590,70.0,40.85889570552147,25.212224108658752,25.425170068027203,-61.184210526315795,반도체소부장,전기·전자
147760,71.0,40.21472392638037,27.89223454833598,21.171171171171178,-59.32459677419355,반도체소부장,의료·정밀기기
102710,72.0,40.18952336007551,19.666269368295588,36.41304347826087,-22.769230769230763,반도체소부장,화학
166090,73.0,40.06134969325153,23.446893787575142,28.066528066528072,-29.92036405005688,반도체소부장,전기·전자
330860,74.0,39.5398773006135,34.03805496828753,1.9292604501607746,-50.07874015748032,반도체소부장,일반서비스
084370,75.0,38.834355828220865,23.809523809523814,25.0,-26.99784017278618,반도체소부장,기계·장비
066310,76.0,38.03680981595092,22.475106685632994,26.24633431085044,-62.15384615384616,반도체소부장,전기·전자
440110,77.0,37.69938650306749,22.288261515601793,27.202472952086552,-36.398763523956724,반도체소부장,전기·전자
005290,78.0,37.45398773006135,26.708074534161486,19.577960140679963,-29.36288088642659,반도체소부장,화학
102120,79.0,37.392638036809814,24.167872648335752,21.35785007072135,-49.08011869436202,반도체소부장,전기·전자
234030,80.0,37.26993865030675,25.92592592592593,20.064205457463878,-70.55118110236221,반도체소부장,전기·전자
036200,81.0,36.87116564417178,20.314253647586987,30.89133089133089,-25.503822098679642,반도체소부장,기계·장비
323350,82.0,36.04294478527607,28.34008097165992,9.310344827586214,-66.15658362989323,반도체소부장,기계·장비
064760,83.0,35.9753897069826,13.095238095238093,32.558139534883715,-18.22094691535151,반도체소부장,비금속
317330,84.0,35.79754601226993,15.449202350965585,36.81592039800996,-58.33333333333333,반도체소부장,화학
356860,85.0,35.644171779141104,35.39703903095559,-20.66246056782335,-64.52750352609308,반도체소부장,전기·전자
089030,86.0,35.3680981595092,14.012738853503182,41.501976284584984,-27.432432432432428,반도체소부장,기계·장비
420770,86.0,35.3680981595092,33.69565217391304,-7.010309278350513,-34.320388349514566,반도체소부장,기계·장비
054940,88.0,35.33742331288344,-12.371134020618557,423.0769230769231,-31.589537223340038,반도체소부장,건설
011930,89.0,34.785276073619634,21.911855990068286,21.987577639751542,-59.91836734693878,반도체소부장,전기·전자
095340,90.0,34.601226993865026,11.263736263736268,47.379912663755455,-30.76923076923077,반도체소부장,유통
388210,91.0,34.57055214723927,19.385026737967912,29.608127721335276,,반도체소부장,전기·전자
024850,92.0,34.4478527607362,7.923169267707086,58.8339222614841,-36.01423487544484,반도체소부장,전기·전자
061970,93.0,34.04907975460122,21.34540750323415,23.42105263157894,-34.12921348314607,반도체소부장,전기·전자
101160,94.0,33.99535544695158,9.152542372881346,20.599250936329593,-9.039548022598876,반도체소부장,전기·전자
142210,95.0,33.75756713931662,15.231788079470189,29.850746268656714,-23.178807947019862,반도체소부장,유통
052900,96.0,33.71165644171779,27.376033057851235,4.2265426880811585,-49.25925925925926,반도체소부장,화학
396470,97.0,33.61963190184049,13.312202852614895,38.834951456310684,-34.762773722627735,반도체소부장,기계·장비
140070,98.0,33.579293916717226,8.910891089108919,37.07165109034267,-19.413919413919412,반도체소부장,유통
059120,99.0,33.558282208588956,5.042016806722693,60.25641025641026,-59.67741935483871,반도체소부장,전기·전자
322310,100.0,33.374233128834355,30.900243309002427,-6.162790697674414,-68.96153846153847,반도체소부장,기계·장비
042700,101.0,33.25153374233129,14.999999999999991,32.781124497991975,-37.91079812206573,반도체소부장,기계·장비
0017J0,102.0,33.12883435582822,32.416502946954814,-9.772423025435073,,반도체소부장,기계·장비
122640,103.0,32.760736196319016,17.12707182320441,28.744939271255056,-27.727272727272723,반도체소부장,기계·장비
232680,104.0,32.54601226993865,14.787234042553198,32.068543451652374,-54.947807933194156,반도체소부장,기계·장비
254490,105.0,32.08588957055215,20.09162303664922,21.845949535192567,-61.650992685475444,반도체소부장,유통
074600,106.0,31.71779141104294,22.718446601941757,11.660777385159005,-30.396475770925115,반도체소부장,비금속
039440,107.0,31.564417177914113,24.80699948533196,3.4115138592750505,-43.86574074074075,반도체소부장,기계·장비
146320,108.0,31.533742331288344,22.35169491525424,12.79296875,-39.370078740157474,반도체소부장,전기·전자
092070,109.0,31.411042944785272,21.28547579298832,20.181968569065333,-44.11538461538461,반도체소부장,화학
183300,110.0,31.349693251533743,31.67330677290836,-50.22590361445782,-82.75052192066805,반도체소부장,기계·장비
007660,111.0,31.34969325153374,9.810981098109806,38.95216400911161,-25.790754257907544,반도체소부장,전기·전자
093640,112.0,31.215620045495275,7.328072153325826,44.901065449010645,-23.59550561797753,반도체소부장,전기·전자
482630,113.0,30.398773006134967,19.58925750394944,20.254169976171553,-64.41833137485311,반도체소부장,화학
489500,114.0,30.337423312883438,14.392059553349878,28.12673707615343,-61.260504201680675,반도체소부장,화학
045100,115.0,29.84911712497275,12.562814070351758,15.265866209262446,-14.720812182741117,반도체소부장,일반서비스
240810,116.0,29.631901840490798,14.198606271777003,27.653359298928915,-30.191693290734822,반도체소부장,기계·장비
445090,116.0,29.631901840490798,12.903225806451623,31.502890173410414,-34.62643678160919,반도체소부장,전기·전자
110990,118.0,29.233128834355828,19.771863117870716,17.610454262601127,-34.827586206896555,반도체소부장,기계·장비
241790,119.0,28.957055214723926,5.1948051948051965,42.41758241758242,-33.877551020408156,반도체소부장,기계·장비
045300,120.0,27.3667499022713,13.780260707635005,20.039292730844792,-20.54616384915474,반도체소부장,전기·전자
114810,121.0,26.441717791411044,9.588014981273417,30.508474576271194,-26.482412060301506,반도체소부장,기계·장비
264660,122.0,26.288343558282207,12.337164750957852,25.299145299145298,-43.83141762452107,반도체소부장,기계·장비
402490,123.0,26.19631901840491,21.077654516640255,4.371584699453557,-69.25553319919517,반도체소부장,전기·전자
025560,124.0,26.165644171779142,26.15629984051038,-81.05389221556887,-88.19402985074628,반도체소부장,의료·정밀기기
094360,125.0,26.16564417177914,17.442922374429216,14.924039320822157,-39.19621749408984,반도체소부장,전기·전자
394280,126.0,25.797546012269937,21.40309155766944,1.896207584830334,-55.02202643171806,반도체소부장,IT 서비스
080220,127.0,25.582822085889575,17.966573816155986,12.334217506631306,-38.6231884057971,반도체소부장,전기·전자
200710,128.0,25.552147239263803,22.74678111587982,-8.771929824561408,-53.87096774193548,반도체소부장,전기·전자
306620,129.0,25.12269938650307,16.630076838638864,13.031914893617014,-48.671497584541065,반도체소부장,기계·장비
348210,130.0,25.0,21.599999999999998,-2.3136246786632397,-62.15139442231076,반도체소부장,기계·장비
452430,131.0,22.914110429447852,1.4285714285714235,34.46969696969697,-36.60714285714286,반도체소부장,전기·전자
095610,132.0,22.515337423312882,11.10354223433243,20.19159911569639,-31.035940803382665,반도체소부장,기계·장비
089970,133.0,22.177914110429448,22.159090909090917,-24.117647058823533,-47.174447174447174,반도체소부장,기계·장비
170920,134.0,22.147239263803684,15.159944367176625,4.94296577946769,-31.795716639209225,반도체소부장,화학
119830,135.0,22.116564417177912,8.388157894736835,23.87218045112782,-32.27132579650566,반도체소부장,일반서비스
092220,136.0,22.055214723926383,18.846153846153847,-0.3225806451612856,-64.76624857468643,반도체소부장,전기·전자
160980,137.0,21.349693251533743,18.49462365591399,-1.4311270125223596,-42.42424242424242,반도체소부장,기계·장비
396270,137.0,21.349693251533743,13.936430317848414,9.38967136150235,-69.22060766182298,반도체소부장,전기·전자
241770,139.0,20.14468302658487,4.272363150867831,15.022091310751096,-18.64583333333333,반도체소부장,전기·전자
348350,140.0,18.942843584913884,2.002107481559534,23.31210191082802,-23.599052880820835,반도체소부장,의료·정밀기기
399720,141.0,18.159509202453986,11.04513064133017,9.228971962616829,-43.81009615384615,반도체소부장,전기·전자
451220,142.0,14.662576687116566,10.348977135980753,-0.9719222462203025,-52.97435897435898,반도체소부장,기계·장비
054450,143.0,14.539877300613494,8.200212992545254,4.526748971193406,-47.97747055811572,반도체소부장,전기·전자
217500,144.0,13.282208588957054,-0.3156565656565635,16.01763409257899,-73.3726812816189,반도체소부장,기계·장비
171010,145.0,11.993865030674847,3.7735849056603765,4.761904761904767,-44.38827098078868,반도체소부장,화학
101400,146.0,11.901840490797547,1.333333333333342,9.54954954954954,-33.43065693430657,반도체소부장,전기·전자
082270,147.0,11.595092024539877,5.018939393939403,2.0239190432382648,-81.81967213114754,반도체소부장,기계·장비
418420,148.0,11.16564417177914,-1.3513513513513487,12.622720897615714,-67.88000000000001,반도체소부장,전기·전자
402340,149.0,10.828220858895705,9.702209414024976,-10.078740157480315,-47.83005938784834,반도체소부장,기타금융
080520,150.0,10.368098159509202,2.7272727272727337,2.914389799635697,-50.611888111888106,반도체소부장,전기·전자
005930,151.0,10.214723926380367,5.0880626223092085,-3.2432432432432434,-28.304405874499327,반도체소부장,전기·전자
319660,152.0,10.153374233128833,8.45849802371541,-9.379128137384408,-37.49430523917996,반도체소부장,기계·장비
452160,153.0,9.049079754601227,1.1164274322169154,2.4232633279483107,-65.54347826086956,반도체소부장,기계·장비
227950,154.0,8.83435582822086,-4.473085670962851,8.62068965517242,-48.57142857142858,반도체소부장,기계·장비
054620,155.0,8.067484662576687,3.116883116883118,-3.523693803159178,-63.13834726090993,반도체소부장,금융
087600,156.0,7.638036809815951,-0.6321112515802807,1.158301158301156,-53.49112426035503,반도체소부장,전기·전자
212710,157.0,7.024539877300613,4.908835904628339,-12.0,-51.98973042362003,반도체소부장,전기·전자
000660,158.0,6.319018404907975,4.614450516089863,-17.00385356454721,-42.316705724807505,반도체소부장,전기·전자
064520,159.0,5.736196319018404,-1.3815789473684226,-3.2278889606197514,-37.016806722689076,반도체소부장,전기·전자
311320,160.0,5.429447852760736,-1.3245033112582738,-4.893617021276597,-25.0,반도체소부장,전기·전자
429270,161.0,4.263803680981595,-5.433186490455211,-3.59281437125748,-73.67130008176615,반도체소부장,전기·전자
464500,162.0,3.957055214723926,-1.4908256880733939,-7.185305240410589,-65.39778449144008,반도체소부장,전기·전자
094170,163.0,1.5644171779141103,-13.287904599659283,-16.55737704918033,-54.87588652482269,반도체소부장,전기·전자
