종목명,티커,매매상태,잔여비중 %,최신가,BUY가,전략수익률 %,현재손절가,3R 목표가,트레일링 기준,포착일,최신일,수익률 %,최대수익 %,최대낙폭 %,3R 달성일,1차매도가,종결일,종결가,종결사유,실현수익률 %,RS,MTT,시장상태,EARLY 상태,최초 EARLY일,최초 EARLY가,EARLY후 상승률 %,EARLY후 거래일,최초손절가,초과수익 %p,매수검토,매수품질,종합점수,섹터,섹터점수,섹터내순위,주봉상태,ATR20 %,기관적합,포착RS,등급근거,등급룰 버전,룰 버전,매도룰 버전
미원상사,002840,OPEN,100.0,136600.0,131800.0,3.6418816388467334,121256.0,163432.0,INITIAL,2026-08-24,2026-10-06,3.6418816388467334,5.31107738998482,-2.5796661608497695,,,,,,0.0,30.52994011976048,False,COUNTERTREND,FRESH,2026-08-24,131800.0,3.6418816388467334,28,121256.0,-0.007983374532471998,대기,B,57.76,화학,62.2,41.0,RECOVERING,4.613050075872534,False,50.0,섹터 62 / 대장 41위 / 주봉 RECOVERING / ATR 4.6%,kangto_rank_v1,kangto_core_v3,kangto_exit_v2
팬오션,028670,CLOSED,0.0,6000.0,6320.0,-11.234177215189877,5814.400000000001,7836.799999999998,INITIAL,2026-08-24,2026-10-06,-5.063291139240511,0.9493670886076,-12.816455696202533,,,2026-08-26,5610.0,STOP_LOSS,-11.234177215189877,68.76646706586827,True,COUNTERTREND,FRESH,2026-08-04,5640.0,6.382978723404253,41,5814.400000000001,-8.713156152619717,대기,B,72.7,운송·창고,48.6,1.0,STRONG,5.9770569620253164,True,50.0,섹터 49 / 대장 1위 / 주봉 STRONG / ATR 6.0%,kangto_rank_v1,kangto_core_v3,kangto_exit_v2
세아홀딩스,058650,OPEN,100.0,128800.0,132600.0,-2.865761689291102,121992.0,164424.0,INITIAL,2026-08-24,2026-10-06,-2.865761689291102,4.2232277526395245,-4.826546003016596,,,,,,0.0,25.713323353293415,False,COUNTERTREND,FRESH,2026-08-24,132600.0,-2.865761689291102,28,121992.0,-6.515626702670307,대기,C,48.3,금속,36.2,29.0,RECOVERING,3.4389140271493215,False,50.0,섹터 36 / 대장 29위 / 주봉 RECOVERING / ATR 3.4%,kangto_rank_v1,kangto_core_v3,kangto_exit_v2
아세아제지,002310,CLOSED,0.0,7600.0,8560.0,-8.294392523364492,7875.200000000001,10614.399999999998,INITIAL,2026-08-25,2026-10-06,-11.214953271028039,4.90654205607477,-11.214953271028039,,,2026-09-30,7850.0,STOP_LOSS,-8.294392523364492,15.26497005988024,False,COUNTERTREND,FRESH,2026-08-25,8560.0,-11.214953271028039,27,7875.200000000001,-14.161084962298954,대기,B,61.44,종이·목재,82.4,7.0,RECOVERING,3.6039719626168227,False,50.0,섹터 82 / 대장 7위 / 주봉 RECOVERING / ATR 3.6%,kangto_rank_v1,kangto_core_v3,kangto_exit_v2
GS,078930,CLOSED,0.0,105800.0,121800.0,-8.045977011494255,112056.0,151032.0,INITIAL,2026-08-25,2026-10-06,-13.136288998357958,6.075533661740562,-16.09195402298851,,,2026-09-16,112000.0,STOP_LOSS,-8.045977011494255,81.80838323353294,False,COUNTERTREND,NO_EARLY,,,,,112056.0,-16.082420689628872,대기,B,72.69,기타금융,47.0,1.0,STRONG,7.116174055829229,True,50.0,섹터 47 / 대장 1위 / 주봉 STRONG / ATR 7.1%,kangto_rank_v1,kangto_core_v3,kangto_exit_v2
오킨스전자,080580,PARTIAL,50.0,28550.0,19400.0,35.58247422680413,26730.0,24056.0,5MA,2026-08-25,2026-10-06,47.16494845360826,50.77319587628865,-3.6082474226804107,2026-09-21,24056.0,,,,12.0,90.44124251497006,False,COUNTERTREND,CLIMAX_RISK,2026-08-25,19400.0,47.16494845360826,27,17848.0,35.94932855395281,대기,C,47.61,전기·전자,36.199999999999996,18.0,RECOVERING,8.932989690721648,False,50.0,섹터 36 / 대장 18위 / 주봉 RECOVERING / ATR 8.9%,kangto_rank_v1,kangto_core_v3,kangto_exit_v2
아모레퍼시픽,090430,OPEN,100.0,133200.0,143300.0,-7.048150732728542,131836.0,177692.0,INITIAL,2026-08-25,2026-10-06,-7.048150732728542,5.094207955338459,-7.397069085833918,,,,,,0.0,32.086077844311376,False,COUNTERTREND,FRESH,2026-08-19,133100.0,0.07513148009015147,31,131836.0,-9.994282423999458,대기,B,67.25,화학,71.8,16.0,RECOVERING,4.481856245638521,True,50.0,섹터 72 / 대장 16위 / 주봉 RECOVERING / ATR 4.5%,kangto_rank_v1,kangto_core_v3,kangto_exit_v2
아이마켓코리아,122900,OPEN,100.0,8170.0,8350.0,-2.1556886227544925,7682.0,10354.0,INITIAL,2026-08-25,2026-10-06,-2.1556886227544925,0.4790419161676551,-3.7125748502993994,,,,,,0.0,37.34730538922155,False,COUNTERTREND,FRESH,2026-08-07,7990.0,2.252816020025028,38,7682.0,-5.101820314025407,대기,B,55.77,유통,38.2,12.0,RECOVERING,2.2934131736526946,False,50.0,섹터 38 / 대장 12위 / 주봉 RECOVERING / ATR 2.3%,kangto_rank_v1,kangto_core_v3,kangto_exit_v2
제닉,123330,CLOSED,0.0,21600.0,32200.0,-11.956521739130432,29624.0,39928.0,INITIAL,2026-08-25,2026-10-06,-32.919254658385086,14.596273291925478,-32.919254658385086,,,2026-09-07,28350.0,STOP_LOSS,-11.956521739130432,30.455838323353294,False,COUNTERTREND,FRESH,2026-08-10,29600.0,-27.027027027027028,37,29624.0,-44.134874558040536,대기,A,71.89,화학,71.8,4.0,STRONG,9.619565217391305,False,50.0,섹터 72 / 대장 4위 / 주봉 STRONG / ATR 9.6%,kangto_rank_v1,kangto_core_v3,kangto_exit_v2
한국콜마,161890,CLOSED,0.0,138900.0,150000.0,-8.533333333333337,138000.0,186000.0,INITIAL,2026-08-25,2026-10-06,-7.399999999999995,7.800000000000007,-8.933333333333337,,,2026-09-11,137200.0,STOP_LOSS_GAP,-8.533333333333337,78.62200598802394,True,COUNTERTREND,LATE,2026-08-04,101300.0,37.11747285291214,41,138000.0,-10.346131691270909,우선검토,S,80.09,화학,71.8,2.0,STRONG,6.2,True,50.0,섹터 72 / 대장 2위 / 주봉 STRONG / ATR 6.2%,kangto_rank_v1,kangto_core_v3,kangto_exit_v2
실리콘투,257720,CLOSED,0.0,36750.0,51900.0,-9.152215799614638,47748.0,64356.0,INITIAL,2026-08-25,2026-10-06,-29.190751445086704,4.4315992292870865,-29.190751445086704,,,2026-09-07,47150.0,STOP_LOSS,-9.152215799614638,39.79266467065868,False,COUNTERTREND,FRESH,2026-08-07,39300.0,-6.488549618320616,38,47748.0,-40.406371344742155,대기,B,60.73,유통,38.2,2.0,RECOVERING,7.008670520231214,True,50.0,섹터 38 / 대장 2위 / 주봉 RECOVERING / ATR 7.0%,kangto_rank_v1,kangto_core_v3,kangto_exit_v2
에이피알,278470,CLOSED,0.0,361000.0,440500.0,-10.556186152099889,405260.0,546220.0,INITIAL,2026-08-25,2026-10-06,-18.047673098751417,5.448354143019296,-19.863791146424514,,,2026-09-04,394000.0,STOP_LOSS,-10.556186152099889,37.199101796407184,False,COUNTERTREND,FRESH,2026-08-12,397000.0,-9.068010075566747,35,405260.0,-20.99380479002233,대기,B,75.98,화학,71.8,12.0,STRONG,6.058456299659478,True,50.0,섹터 72 / 대장 12위 / 주봉 STRONG / ATR 6.1%,kangto_rank_v1,kangto_core_v3,kangto_exit_v2
롯데웰푸드,280360,CLOSED,0.0,119700.0,135200.0,-8.357988165680474,124384.0,167648.0,INITIAL,2026-08-25,2026-10-06,-11.464497041420119,9.911242603550296,-11.686390532544378,,,2026-09-22,123900.0,STOP_LOSS,-8.357988165680474,30.9375,False,COUNTERTREND,FRESH,2026-08-07,116900.0,2.39520958083832,38,124384.0,-14.410628732691034,우선검토,A,71.78,음식료·담배,62.199999999999996,1.0,RECOVERING,5.133136094674557,False,50.0,섹터 62 / 대장 1위 / 주봉 RECOVERING / ATR 5.1%,kangto_rank_v1,kangto_core_v3,kangto_exit_v2
삼성화재우,000815,CLOSED,0.0,395000.0,425000.0,-7.9999999999999964,391000.0,527000.0,INITIAL,2026-08-26,2026-10-06,-7.058823529411762,3.88235294117647,-8.117647058823529,,,2026-10-01,391000.0,STOP_LOSS,-7.9999999999999964,29.937125748502993,False,COUNTERTREND,FRESH,2026-08-11,406500.0,-2.829028290282898,36,391000.0,-9.014991156438557,대기,B,76.12,보험,87.4,6.0,STRONG,2.941176470588235,False,50.0,섹터 87 / 대장 6위 / 주봉 STRONG / ATR 2.9%,kangto_rank_v1,kangto_core_v3,kangto_exit_v2
삼양식품,003230,CLOSED,0.0,1210000.0,1507000.0,-11.745189117451893,1386440.0,1868680.0,INITIAL,2026-08-26,2026-10-06,-19.70802919708029,2.654280026542799,-19.70802919708029,,,2026-09-07,1330000.0,STOP_LOSS,-11.745189117451893,17.26571856287425,False,COUNTERTREND,FRESH,2026-08-04,1219000.0,-0.7383100902379036,41,1386440.0,-21.664196824107083,우선검토,A,72.24,음식료·담배,57.400000000000006,4.0,STRONG,5.428002654280027,True,50.0,섹터 57 / 대장 4위 / 주봉 STRONG / ATR 5.4%,kangto_rank_v1,kangto_core_v3,kangto_exit_v2
한일홀딩스,003300,OPEN,100.0,17210.0,18350.0,-6.212534059945507,16882.0,22754.0,INITIAL,2026-08-26,2026-10-06,-6.212534059945507,4.41416893732971,-6.212534059945507,,,,,,0.0,26.269086826347305,False,COUNTERTREND,FRESH,2026-08-24,18180.0,-5.335533553355331,28,16882.0,-8.168701686972302,대기,B,61.45,비금속,63.800000000000004,16.0,STRONG,3.092643051771117,False,50.0,섹터 64 / 대장 16위 / 주봉 STRONG / ATR 3.1%,kangto_rank_v1,kangto_core_v3,kangto_exit_v2
세방전지,004490,OPEN,100.0,64600.0,59800.0,8.026755852842804,55016.0,74152.0,INITIAL,2026-08-26,2026-10-06,8.026755852842804,14.046822742474907,-1.3377926421404673,,,,,,0.0,39.49625748502994,False,COUNTERTREND,NORMAL,2026-08-07,55600.0,16.18705035971224,38,55016.0,6.070588225816009,대기,C,54.02,전기·전자,46.8,47.0,RECOVERING,4.226588628762542,False,50.0,섹터 47 / 대장 47위 / 주봉 RECOVERING / ATR 4.2%,kangto_rank_v1,kangto_core_v3,kangto_exit_v2
GS건설,006360,CLOSED,0.0,33050.0,37800.0,-11.904761904761907,34776.0,46872.0,INITIAL,2026-08-26,2026-10-06,-12.56613756613757,1.85185185185186,-14.682539682539685,,,2026-09-01,33300.0,STOP_LOSS,-11.904761904761907,56.79902694610778,False,COUNTERTREND,FRESH,2026-08-06,32600.0,1.3803680981595123,39,34776.0,-14.522305193164364,우선검토,A,72.83,건설,85.4,2.0,STRONG,7.886904761904762,True,50.0,섹터 85 / 대장 2위 / 주봉 STRONG / ATR 7.9%,kangto_rank_v1,kangto_core_v3,kangto_exit_v2
E1,017940,CLOSED,0.0,90800.0,97700.0,-9.621289662231325,89884.0,121148.0,INITIAL,2026-08-26,2026-10-06,-7.0624360286591585,1.7400204708290623,-9.621289662231325,,,2026-10-01,88300.0,STOP_LOSS,-9.621289662231325,34.45733532934132,False,COUNTERTREND,FRESH,2026-08-19,93000.0,-2.3655913978494647,31,89884.0,-9.018603655685954,대기,B,56.44,유통,41.0,18.0,RECOVERING,4.109518935516888,False,50.0,섹터 41 / 대장 18위 / 주봉 RECOVERING / ATR 4.1%,kangto_rank_v1,kangto_core_v3,kangto_exit_v2
삼성SDI,006400,CLOSED,0.0,575000.0,569000.0,-8.435852372583474,523480.0,705560.0,INITIAL,2026-08-27,2026-10-06,1.0544815465729274,1.4059753954305698,-10.193321616871708,,,2026-09-23,521000.0,STOP_LOSS,-8.435852372583474,83.17926646706587,False,COUNTERTREND,FRESH,2026-08-14,516000.0,11.43410852713178,33,523480.0,0.6346544829174849,대기,B,58.65,전기·전자,53.6,36.0,RECOVERING,5.588752196836555,True,85.10007468259894,섹터 54 / 대장 36위 / 주봉 RECOVERING / ATR 5.6%,kangto_rank_v1,kangto_core_v3,kangto_exit_v2
에스원,012750,OPEN,100.0,84700.0,85500.0,-0.9356725146198785,78660.0,106020.0,INITIAL,2026-08-27,2026-10-06,-0.9356725146198785,0.11695906432749315,-7.485380116959062,,,,,,0.0,36.717440119760475,False,COUNTERTREND,FRESH,2026-08-06,75000.0,12.93333333333333,39,78660.0,-1.355499578275321,대기,B,59.41,일반서비스,54.6,18.0,RECOVERING,3.385964912280702,False,32.199029126213595,섹터 55 / 대장 18위 / 주봉 RECOVERING / ATR 3.4%,kangto_rank_v1,kangto_core_v3,kangto_exit_v2
케이씨,029460,OPEN,100.0,45450.0,38650.0,17.59379042690814,35558.0,47926.0,INITIAL,2026-08-27,2026-10-06,17.59379042690814,19.663648124191457,-4.786545924967656,,,,,,0.0,79.17776946107784,True,COUNTERTREND,LATE,2026-08-05,31850.0,42.70015698587126,40,35558.0,17.173963363252696,대기,B,59.01,의료·정밀기기,30.400000000000002,2.0,RECOVERING,5.051746442432083,False,76.30171769977595,섹터 30 / 대장 2위 / 주봉 RECOVERING / ATR 5.1%,kangto_rank_v1,kangto_core_v3,kangto_exit_v2
아세아시멘트,183190,OPEN,100.0,9950.0,10550.0,-5.687203791469198,9706.0,13082.0,INITIAL,2026-08-27,2026-10-06,-5.687203791469198,8.341232227488149,-5.687203791469198,,,,,,0.0,16.19124251497006,False,COUNTERTREND,FRESH,2026-08-27,10550.0,-5.687203791469198,25,9706.0,-6.10703085512464,대기,C,52.72,비금속,58.2,10.0,RECOVERING,2.976303317535545,False,19.519044062733386,섹터 58 / 대장 10위 / 주봉 RECOVERING / ATR 3.0%,kangto_rank_v1,kangto_core_v3,kangto_exit_v2
심텍,222800,PARTIAL,50.0,175000.0,126900.0,30.951930654058312,138595.0,157356.0,20MA,2026-08-27,2026-10-06,37.903861308116625,37.903861308116625,-7.4074074074074066,2026-10-01,157356.0,,,,12.0,92.59019461077844,True,COUNTERTREND,CLIMAX_RISK,2026-08-10,115900.0,50.99223468507334,37,116748.0,28.08233680504255,대기,B,60.25,전기·전자,53.6,14.0,GOOD,9.178486997635932,True,95.1923076923077,섹터 54 / 대장 14위 / 주봉 GOOD / ATR 9.2%,kangto_rank_v1,kangto_core_v3,kangto_exit_v2
KG이니시스,035600,CLOSED,0.0,9700.0,10640.0,-8.176691729323304,9788.800000000001,13193.599999999997,INITIAL,2026-08-28,2026-10-06,-8.834586466165417,0.0,-8.834586466165417,,,2026-09-30,9770.0,STOP_LOSS,-8.176691729323304,55.46519461077845,False,COUNTERTREND,NO_EARLY,,,,,9788.800000000001,-18.556560202165695,대기,B,57.6,IT 서비스,42.199999999999996,49.0,RECOVERING,2.617481203007519,False,74.52725914861837,섹터 42 / 대장 49위 / 주봉 RECOVERING / ATR 2.6%,kangto_rank_v1,kangto_core_v3,kangto_exit_v2
씨젠,096530,CLOSED,0.0,37250.0,35650.0,-9.957924263674611,32798.0,44206.0,INITIAL,2026-08-28,2026-10-06,4.488078541374474,4.628330995792429,-14.86676016830295,,,2026-09-02,32100.0,STOP_LOSS,-9.957924263674611,84.17964071856288,True,COUNTERTREND,NO_EARLY,,,,,32798.0,-5.233895194625804,대기,B,75.79,제약,46.2,2.0,STRONG,5.119214586255259,True,86.20911127707244,섹터 46 / 대장 2위 / 주봉 STRONG / ATR 5.1%,kangto_rank_v1,kangto_core_v3,kangto_exit_v2
글로벌텍스프리,204620,CLOSED,0.0,5410.0,5960.0,-9.899328859060407,5483.2,7390.400000000001,INITIAL,2026-08-28,2026-10-06,-9.228187919463082,1.5100671140939603,-11.073825503355705,,,2026-09-03,5370.0,STOP_LOSS,-9.899328859060407,68.84056886227545,False,COUNTERTREND,FRESH,2026-08-25,5150.0,5.048543689320395,27,5483.2,-18.95016165546336,대기,B,67.42,금융,80.6,8.0,RECOVERING,5.444630872483222,False,85.8024645257655,섹터 81 / 대장 8위 / 주봉 RECOVERING / ATR 5.4%,kangto_rank_v1,kangto_core_v3,kangto_exit_v2
아모레퍼시픽홀딩스,002790,CLOSED,0.0,25350.0,28000.0,-8.92857142857143,25760.0,34720.0,INITIAL,2026-08-28,2026-10-06,-9.464285714285714,0.0,-9.642857142857142,,,2026-09-09,25500.0,STOP_LOSS,-8.92857142857143,22.00823353293413,False,COUNTERTREND,FRESH,2026-08-21,26000.0,-2.500000000000002,29,25760.0,-11.710753467434987,대기,B,57.31,화학,71.4,70.0,RECOVERING,3.767857142857143,False,32.67961165048544,섹터 71 / 대장 70위 / 주봉 RECOVERING / ATR 3.8%,kangto_rank_v1,kangto_core_v3,kangto_exit_v2
KPX케미칼,025000,OPEN,100.0,57700.0,55800.0,3.405017921146958,51336.0,69192.0,INITIAL,2026-08-28,2026-10-06,3.405017921146958,3.405017921146958,-3.584229390681004,,,,,,0.0,48.017964071856284,True,COUNTERTREND,FRESH,2026-08-24,54000.0,6.851851851851842,28,51336.0,1.158550167997685,대기,B,67.82,화학,71.4,21.0,RECOVERING,2.1460573476702507,False,33.603808812546674,섹터 71 / 대장 21위 / 주봉 RECOVERING / ATR 2.1%,kangto_rank_v1,kangto_core_v3,kangto_exit_v2
코스맥스비티아이,044820,CLOSED,0.0,23850.0,26800.0,-8.208955223880599,24656.0,33232.0,INITIAL,2026-08-28,2026-10-06,-11.007462686567159,0.0,-18.097014925373134,,,2026-09-03,24600.0,STOP_LOSS_GAP,-8.208955223880599,69.87799401197606,True,COUNTERTREND,FRESH,2026-08-04,21050.0,13.30166270783848,41,24656.0,-13.25393043971643,대기,B,68.54,기타금융,48.99999999999999,2.0,STRONG,6.942164179104478,False,81.80993278566093,섹터 49 / 대장 2위 / 주봉 STRONG / ATR 6.9%,kangto_rank_v1,kangto_core_v3,kangto_exit_v2
한화생명,088350,CLOSED,0.0,5310.0,5950.0,-10.420168067226887,5474.0,7378.0,INITIAL,2026-08-28,2026-10-06,-10.756302521008399,2.6890756302520913,-11.092436974789921,,,2026-09-30,5330.0,STOP_LOSS,-10.420168067226887,62.80127245508982,False,COUNTERTREND,FRESH,2026-08-14,5630.0,-5.683836589698044,33,5474.0,-13.002770274157673,대기,B,63.81,보험,76.6,4.0,RECOVERING,5.239495798319328,True,76.70836445108289,섹터 77 / 대장 4위 / 주봉 RECOVERING / ATR 5.2%,kangto_rank_v1,kangto_core_v3,kangto_exit_v2
아모레퍼시픽,090430,CLOSED,0.0,133200.0,150600.0,-8.16733067729084,138552.0,186744.0,INITIAL,2026-08-28,2026-10-06,-11.55378486055777,0.0,-11.885790172642762,,,2026-09-09,138300.0,STOP_LOSS,-8.16733067729084,32.086077844311376,False,COUNTERTREND,FRESH,2026-08-19,133100.0,0.07513148009015147,31,138552.0,-13.800252613707041,대기,B,66.06,화학,71.4,32.0,RECOVERING,4.077025232403718,True,48.50186706497386,섹터 71 / 대장 32위 / 주봉 RECOVERING / ATR 4.1%,kangto_rank_v1,kangto_core_v3,kangto_exit_v2
한국철강,104700,CLOSED,0.0,9520.0,10120.0,-8.00395256916996,9310.4,12548.800000000001,INITIAL,2026-08-28,2026-10-06,-5.928853754940711,0.0,-8.00395256916996,,,2026-09-30,9310.0,STOP_LOSS,-8.00395256916996,25.194610778443113,False,COUNTERTREND,FRESH,2026-08-10,9770.0,-2.5588536335721557,37,9310.4,-8.175321508089983,대기,B,59.01,금속,67.4,33.0,RECOVERING,2.816205533596838,False,30.64637789395071,섹터 67 / 대장 33위 / 주봉 RECOVERING / ATR 2.8%,kangto_rank_v1,kangto_core_v3,kangto_exit_v2
한국콜마,161890,CLOSED,0.0,138900.0,161700.0,-9.83302411873841,148764.0,200508.0,INITIAL,2026-08-28,2026-10-06,-14.10018552875696,0.0,-15.522572665429813,,,2026-09-04,145800.0,STOP_LOSS,-9.83302411873841,78.62200598802394,True,COUNTERTREND,LATE,2026-08-04,101300.0,37.11747285291214,41,148764.0,-16.34665328190623,우선검토,S,82.97,화학,71.4,2.0,STRONG,5.667903525046382,True,90.16467513069455,섹터 71 / 대장 2위 / 주봉 STRONG / ATR 5.7%,kangto_rank_v1,kangto_core_v3,kangto_exit_v2
코스맥스,192820,CLOSED,0.0,298000.0,303000.0,-8.085808580858089,278760.0,375720.0,INITIAL,2026-08-28,2026-10-06,-1.650165016501648,0.0,-12.541254125412538,,,2026-09-02,278500.0,STOP_LOSS_GAP,-8.085808580858089,78.43675149700599,True,COUNTERTREND,CLIMAX_RISK,2026-08-04,195200.0,52.663934426229496,41,278760.0,-3.8966327696509206,대기,S,82.04,화학,71.4,3.0,STRONG,5.628712871287129,True,85.2109783420463,섹터 71 / 대장 3위 / 주봉 STRONG / ATR 5.6%,kangto_rank_v1,kangto_core_v3,kangto_exit_v2
에이피알,278470,CLOSED,0.0,361000.0,461500.0,-9.209100758396538,424580.0,572260.0,INITIAL,2026-08-28,2026-10-06,-21.776814734561214,0.650054171180936,-23.51029252437703,,,2026-09-02,419000.0,STOP_LOSS,-9.209100758396538,37.199101796407184,False,COUNTERTREND,FRESH,2026-08-12,397000.0,-9.068010075566747,35,424580.0,-24.023282487710485,대기,B,80.05,화학,71.4,8.0,STRONG,5.64192849404117,True,82.99290515309933,섹터 71 / 대장 8위 / 주봉 STRONG / ATR 5.6%,kangto_rank_v1,kangto_core_v3,kangto_exit_v2
한일시멘트,300720,OPEN,100.0,16000.0,16950.0,-5.604719764011801,15594.0,21018.0,INITIAL,2026-08-28,2026-10-06,-5.604719764011801,0.707964601769917,-5.604719764011801,,,,,,0.0,21.934131736526947,False,COUNTERTREND,FRESH,2026-08-19,15190.0,5.33245556287032,31,15594.0,-7.851187517161073,대기,B,58.78,비금속,59.2,3.0,RECOVERING,2.8790560471976403,False,28.94585511575803,섹터 59 / 대장 3위 / 주봉 RECOVERING / ATR 2.9%,kangto_rank_v1,kangto_core_v3,kangto_exit_v2
디지털대성,068930,OPEN,100.0,9150.0,8660.0,5.65819861431871,7967.200000000001,10738.399999999998,INITIAL,2026-08-31,2026-10-06,5.65819861431871,13.510392609699773,-1.9630484988452657,,,,,,0.0,77.58458083832335,True,COUNTERTREND,NO_EARLY,,,,,7967.200000000001,-4.605618523606946,대기,B,62.21,일반서비스,41.6,11.0,RECOVERING,2.800230946882217,False,78.4011953679492,섹터 42 / 대장 11위 / 주봉 RECOVERING / ATR 2.8%,kangto_rank_v1,kangto_core_v3,kangto_exit_v2
이지바이오,353810,CLOSED,0.0,5880.0,6830.0,-9.809663250366029,6283.6,8469.199999999999,INITIAL,2026-08-31,2026-10-06,-13.909224011713029,0.0,-13.909224011713029,,,2026-09-07,6160.0,STOP_LOSS,-9.809663250366029,50.796781437125745,False,COUNTERTREND,NO_EARLY,,,,,6283.6,-24.173041149638685,대기,B,59.24,음식료·담배,58.0,17.0,RECOVERING,3.5065885797950216,False,78.8819574150168,섹터 58 / 대장 17위 / 주봉 RECOVERING / ATR 3.5%,kangto_rank_v1,kangto_core_v3,kangto_exit_v2
동원시스템즈,014820,CLOSED,0.0,22100.0,23200.0,-8.405172413793105,21344.0,28768.0,INITIAL,2026-08-31,2026-10-06,-4.741379310344829,0.0,-10.344827586206895,,,2026-09-09,21250.0,STOP_LOSS_GAP,-8.405172413793105,20.711452095808383,False,COUNTERTREND,FRESH,2026-08-07,22250.0,-0.6741573033707815,38,21344.0,-6.520992859865216,대기,B,55.56,화학,71.8,52.0,RECOVERING,3.8491379310344827,False,21.856182293612253,섹터 72 / 대장 52위 / 주봉 RECOVERING / ATR 3.8%,kangto_rank_v1,kangto_core_v3,kangto_exit_v2
하나금융지주,086790,OPEN,100.0,128700.0,136300.0,-5.5759354365370495,125396.0,169012.0,INITIAL,2026-08-31,2026-10-06,-5.5759354365370495,3.301540719002194,-5.869405722670584,,,,,,0.0,49.425898203592816,False,COUNTERTREND,FRESH,2026-08-03,126900.0,1.4184397163120588,42,125396.0,-7.355548986057436,대기,B,72.49,기타금융,49.8,7.0,STRONG,3.5179750550256785,True,55.91632424355622,섹터 50 / 대장 7위 / 주봉 STRONG / ATR 3.5%,kangto_rank_v1,kangto_core_v3,kangto_exit_v2
한국자산신탁,123890,CLOSED,0.0,2420.0,2640.0,-8.143939393939393,2428.8,3273.5999999999995,INITIAL,2026-08-31,2026-10-06,-8.333333333333337,0.0,-9.469696969696972,,,2026-09-23,2425.0,STOP_LOSS,-8.143939393939393,28.343937125748504,False,COUNTERTREND,FRESH,2026-08-20,2485.0,-2.6156941649899346,30,2428.8,-10.112946882853723,대기,C,54.29,기타금융,49.8,8.0,RECOVERING,2.846590909090909,False,33.46843481509152,섹터 50 / 대장 8위 / 주봉 RECOVERING / ATR 2.8%,kangto_rank_v1,kangto_core_v3,kangto_exit_v2
LG에너지솔루션,373220,CLOSED,0.0,390000.0,378000.0,-8.06878306878307,347760.0,468720.0,INITIAL,2026-08-31,2026-10-06,3.1746031746031855,3.1746031746031855,-8.06878306878307,,,2026-09-02,347500.0,STOP_LOSS,-8.06878306878307,39.31100299401197,False,COUNTERTREND,FRESH,2026-08-31,378000.0,3.1746031746031855,23,347760.0,1.3949896250827987,대기,C,49.65,전기·전자,47.599999999999994,138.0,RECOVERING,4.23941798941799,True,25.147553231228986,섹터 48 / 대장 138위 / 주봉 RECOVERING / ATR 4.2%,kangto_rank_v1,kangto_core_v3,kangto_exit_v2
JW중외제약,001060,CLOSED,0.0,27300.0,29000.0,-8.965517241379306,26680.0,35960.0,INITIAL,2026-09-01,2026-10-06,-5.862068965517242,0.0,-8.62068965517241,,,2026-09-11,26400.0,STOP_LOSS_GAP,-8.965517241379306,40.05202095808384,False,COUNTERTREND,FRESH,2026-08-12,30000.0,-8.999999999999996,35,26680.0,-7.4067308924314235,대기,C,52.34,제약,50.0,15.0,RECOVERING,4.853448275862069,False,34.22085201793722,섹터 50 / 대장 15위 / 주봉 RECOVERING / ATR 4.9%,kangto_rank_v1,kangto_core_v3,kangto_exit_v2
롯데렌탈,089860,OPEN,100.0,51000.0,51400.0,-0.7782101167315147,47288.0,63736.0,INITIAL,2026-09-01,2026-10-06,-0.7782101167315147,0.3891050583657574,-6.3229571984435795,,,,,,0.0,80.36339820359281,True,COUNTERTREND,NORMAL,2026-08-13,42500.0,19.999999999999996,34,47288.0,-2.322872043645696,대기,B,72.85,일반서비스,40.0,1.0,STRONG,4.494163424124514,True,82.42600896860986,섹터 40 / 대장 1위 / 주봉 STRONG / ATR 4.5%,kangto_rank_v1,kangto_core_v3,kangto_exit_v2
현대퓨처넷,126560,OPEN,100.0,3380.0,3425.0,-1.3138686131386912,3151.0,4247.0,INITIAL,2026-09-01,2026-10-06,-1.3138686131386912,0.0,-2.7737226277372296,,,,,,0.0,35.16130239520958,False,COUNTERTREND,FRESH,2026-08-03,3185.0,6.1224489795918435,42,3151.0,-2.8585305400528727,대기,B,61.19,통신,49.2,1.0,RECOVERING,2.284671532846715,False,28.745515695067265,섹터 49 / 대장 1위 / 주봉 RECOVERING / ATR 2.3%,kangto_rank_v1,kangto_core_v3,kangto_exit_v2
아스플로,159010,CLOSED,0.0,32150.0,24100.0,-8.713692946058094,22172.0,29884.0,INITIAL,2026-09-02,2026-10-06,33.40248962655601,33.40248962655601,-12.03319502074689,,,2026-09-15,22000.0,STOP_LOSS_GAP,-8.713692946058094,96.29528443113772,True,COUNTERTREND,NO_EARLY,,,,,22172.0,18.981732891313843,대기,B,63.27,기계·장비,24.199999999999996,1.0,STRONG,9.476141078838173,False,96.44730941704036,섹터 24 / 대장 1위 / 주봉 STRONG / ATR 9.5%,kangto_rank_v1,kangto_core_v3,kangto_exit_v2
리파인,377450,CLOSED,0.0,14150.0,16800.0,-15.17857142857143,15456.0,20832.0,INITIAL,2026-09-02,2026-10-06,-15.773809523809524,2.1428571428571352,-16.01190476190476,,,2026-09-15,14250.0,STOP_LOSS,-15.17857142857143,75.99139221556887,False,COUNTERTREND,FRESH,2026-08-05,13180.0,7.359635811836118,40,15456.0,-30.19456625905169,대기,B,67.68,IT 서비스,22.799999999999997,5.0,STRONG,3.2589285714285716,False,87.30941704035875,섹터 23 / 대장 5위 / 주봉 STRONG / ATR 3.3%,kangto_rank_v1,kangto_core_v3,kangto_exit_v2
한진칼,180640,OPEN,100.0,134500.0,139100.0,-3.3069734004313456,127972.0,172484.0,INITIAL,2026-09-02,2026-10-06,-3.3069734004313456,7.045291157440681,-4.888569374550677,,,,,,0.0,50.38922155688623,False,COUNTERTREND,FRESH,2026-08-06,127200.0,5.73899371069182,39,127972.0,-9.076989491320486,대기,B,66.1,기타금융,61.8,6.0,STRONG,4.913731128684399,True,46.94730941704036,섹터 62 / 대장 6위 / 주봉 STRONG / ATR 4.9%,kangto_rank_v1,kangto_core_v3,kangto_exit_v2
한미사이언스,008930,OPEN,100.0,57600.0,51500.0,11.844660194174761,47380.0,63860.0,INITIAL,2026-09-03,2026-10-06,11.844660194174761,12.038834951456302,-5.825242718446599,,,,,,0.0,80.9191616766467,False,COUNTERTREND,CLIMAX_RISK,2026-08-04,39200.0,46.93877551020409,41,47380.0,6.344073521671745,우선검토,A,72.58,기타금융,64.6,1.0,STRONG,7.699029126213593,True,76.83140186915888,섹터 65 / 대장 1위 / 주봉 STRONG / ATR 7.7%,kangto_rank_v1,kangto_core_v3,kangto_exit_v2
한화생명,088350,CLOSED,0.0,5310.0,6110.0,-12.765957446808507,5621.2,7576.400000000001,INITIAL,2026-09-03,2026-10-06,-13.093289689034371,0.0,-13.420621931260223,,,2026-09-30,5330.0,STOP_LOSS,-12.765957446808507,62.80127245508982,False,COUNTERTREND,FRESH,2026-08-14,5630.0,-5.683836589698044,33,5621.2,-18.593876361537387,우선검토,A,76.55,보험,100.0,4.0,STRONG,5.703764320785598,True,78.42280373831775,섹터 100 / 대장 4위 / 주봉 STRONG / ATR 5.7%,kangto_rank_v1,kangto_core_v3,kangto_exit_v2
삼양사,145990,OPEN,100.0,45800.0,47400.0,-3.3755274261603407,43608.0,58776.0,INITIAL,2026-09-03,2026-10-06,-3.3755274261603407,1.6877637130801704,-3.797468354430378,,,,,,0.0,22.489895209580837,False,COUNTERTREND,FRESH,2026-08-26,45800.0,0.0,26,43608.0,-8.876114098663358,대기,B,65.79,음식료·담배,78.8,14.0,RECOVERING,2.109704641350211,False,27.608971962616824,섹터 79 / 대장 14위 / 주봉 RECOVERING / ATR 2.1%,kangto_rank_v1,kangto_core_v3,kangto_exit_v2
세아제강,306200,OPEN,100.0,155100.0,147500.0,5.1525423728813635,135700.0,182900.0,INITIAL,2026-09-03,2026-10-06,5.1525423728813635,5.1525423728813635,-6.305084745762713,,,,,,0.0,53.87200598802395,False,COUNTERTREND,FRESH,2026-08-10,136300.0,13.793103448275868,37,135700.0,-0.3480442996216526,대기,B,56.84,금속,63.400000000000006,20.0,RECOVERING,3.9864406779661015,False,35.52897196261682,섹터 63 / 대장 20위 / 주봉 RECOVERING / ATR 4.0%,kangto_rank_v1,kangto_core_v3,kangto_exit_v2
피에스케이홀딩스,031980,PARTIAL,50.0,197000.0,144000.0,30.40277777777778,166460.0,178560.0,20MA,2026-09-04,2026-10-06,36.80555555555556,36.80555555555556,0.0,2026-09-29,178560.0,,,,12.0,91.66392215568862,True,COUNTERTREND,CLIMAX_RISK,2026-08-27,127000.0,55.11811023622046,25,132480.0,23.723810011609658,대기,B,56.24,기계·장비,28.199999999999996,7.0,GOOD,7.75,True,91.85986547085201,섹터 28 / 대장 7위 / 주봉 GOOD / ATR 7.8%,kangto_rank_v1,kangto_core_v3,kangto_exit_v2
코메론,049430,OPEN,100.0,22300.0,22450.0,-0.6681514476614692,20654.0,27838.0,INITIAL,2026-09-04,2026-10-06,-0.6681514476614692,4.008908685968815,-3.11804008908686,,,,,,0.0,82.58645209580838,True,COUNTERTREND,NO_EARLY,,,,,20654.0,-13.749896991607368,대기,B,60.46,의료·정밀기기,7.6,3.0,STRONG,4.463251670378619,False,87.9383408071749,섹터 8 / 대장 3위 / 주봉 STRONG / ATR 4.5%,kangto_rank_v1,kangto_core_v3,kangto_exit_v2
인텍플러스,064290,PARTIAL,50.0,60400.0,40150.0,37.21793275217933,57520.0,49786.0,5MA,2026-09-04,2026-10-06,50.43586550435866,50.43586550435866,0.0,2026-09-11,49786.0,,,,12.0,92.2937874251497,True,COUNTERTREND,CLIMAX_RISK,2026-09-04,40150.0,50.43586550435866,19,36938.0,37.35411996041276,대기,C,50.04,기계·장비,28.199999999999996,19.0,GOOD,9.570361145703611,True,92.30381165919283,섹터 28 / 대장 19위 / 주봉 GOOD / ATR 9.6%,kangto_rank_v1,kangto_core_v3,kangto_exit_v2
리파인,377450,CLOSED,0.0,14150.0,16960.0,-15.978773584905658,15603.2,21030.399999999998,INITIAL,2026-09-04,2026-10-06,-16.568396226415093,1.1792452830188704,-16.804245283018872,,,2026-09-15,14250.0,STOP_LOSS,-15.978773584905658,75.99139221556887,False,COUNTERTREND,FRESH,2026-08-05,13180.0,7.359635811836118,40,15603.2,-29.650141770360992,대기,B,69.46,IT 서비스,26.8,5.0,STRONG,3.0689858490566038,False,87.75336322869956,섹터 27 / 대장 5위 / 주봉 STRONG / ATR 3.1%,kangto_rank_v1,kangto_core_v3,kangto_exit_v2
아세아제지,002310,CLOSED,0.0,7600.0,8840.0,-9.954751131221718,8132.8,10961.599999999999,INITIAL,2026-09-04,2026-10-06,-14.027149321266963,1.5837104072398134,-14.027149321266963,,,2026-09-29,7960.0,STOP_LOSS,-9.954751131221718,15.26497005988024,False,COUNTERTREND,FRESH,2026-08-25,8560.0,-11.214953271028039,27,8132.8,-17.828136579032172,대기,B,62.95,종이·목재,88.0,6.0,RECOVERING,3.30316742081448,False,32.22309417040359,섹터 88 / 대장 6위 / 주봉 RECOVERING / ATR 3.3%,kangto_rank_v1,kangto_core_v3,kangto_exit_v2
삼천리,004690,OPEN,100.0,127700.0,136700.0,-6.583760058522314,125764.0,169508.0,INITIAL,2026-09-04,2026-10-06,-6.583760058522314,0.9509875640087762,-6.876371616678856,,,,,,0.0,26.71369760479042,False,COUNTERTREND,FRESH,2026-08-04,118900.0,7.401177460050468,41,125764.0,-10.384747316287523,우선검토,A,69.68,전기·가스,86.8,1.0,RECOVERING,2.53474762253109,False,31.076233183856505,섹터 87 / 대장 1위 / 주봉 RECOVERING / ATR 2.5%,kangto_rank_v1,kangto_core_v3,kangto_exit_v2
한진칼,180640,CLOSED,0.0,134500.0,146000.0,-9.794520547945208,134320.0,181040.0,INITIAL,2026-09-04,2026-10-06,-7.8767123287671215,1.9863013698630194,-9.383561643835614,,,2026-09-11,131700.0,STOP_LOSS_GAP,-9.794520547945208,50.38922155688623,False,COUNTERTREND,FRESH,2026-08-06,127200.0,5.73899371069182,39,134320.0,-11.67769958653233,우선검토,A,69.49,기타금융,66.0,5.0,STRONG,4.811643835616438,True,47.946188340807176,섹터 66 / 대장 5위 / 주봉 STRONG / ATR 4.8%,kangto_rank_v1,kangto_core_v3,kangto_exit_v2
진에어,272450,OPEN,100.0,5830.0,6140.0,-5.048859934853422,5648.8,7613.599999999999,INITIAL,2026-09-04,2026-10-06,-5.048859934853422,5.863192182410426,-6.026058631921827,,,,,,0.0,16.265344311377245,False,COUNTERTREND,FRESH,2026-09-04,6140.0,-5.048859934853422,19,5648.8,-8.849847192618633,대기,B,58.88,운송·창고,78.4,5.0,RECOVERING,3.3876221498371337,False,20.902466367713004,섹터 78 / 대장 5위 / 주봉 RECOVERING / ATR 3.4%,kangto_rank_v1,kangto_core_v3,kangto_exit_v2
티씨케이,064760,OPEN,100.0,296500.0,268500.0,10.428305400372428,247020.0,332940.0,INITIAL,2026-09-07,2026-10-06,10.428305400372428,16.945996275605225,-4.096834264432026,,,,,,0.0,82.66055389221556,False,COUNTERTREND,NORMAL,2026-08-14,244000.0,21.51639344262295,33,247020.0,-1.4582415048441053,대기,C,49.89,비금속,38.4,10.0,RECOVERING,7.787709497206705,True,88.8262331838565,섹터 38 / 대장 10위 / 주봉 RECOVERING / ATR 7.8%,kangto_rank_v1,kangto_core_v3,kangto_exit_v2
티에스이,131290,CLOSED,0.0,313500.0,261500.0,-9.751434034416828,240580.0,324260.0,INITIAL,2026-09-07,2026-10-06,19.88527724665392,19.88527724665392,-9.751434034416828,,,2026-09-14,236000.0,STOP_LOSS,-9.751434034416828,94.62799401197606,True,COUNTERTREND,NO_EARLY,,,,,240580.0,7.998730341437387,대기,C,53.11,의료·정밀기기,8.2,4.0,GOOD,9.120458891013385,True,94.9304932735426,섹터 8 / 대장 4위 / 주봉 GOOD / ATR 9.1%,kangto_rank_v1,kangto_core_v3,kangto_exit_v2
메카로,241770,CLOSED,0.0,40850.0,42350.0,-8.500590318772138,38962.0,52514.0,INITIAL,2026-09-08,2026-10-06,-3.54191263282172,0.5903187721369552,-10.389610389610393,,,2026-09-15,38750.0,STOP_LOSS,-8.500590318772138,82.21594311377245,True,COUNTERTREND,NO_EARLY,,,,,38962.0,-16.849297960702682,대기,C,54.24,전기·전자,29.200000000000003,43.0,RECOVERING,5.543093270365998,False,90.49103139013454,섹터 29 / 대장 43위 / 주봉 RECOVERING / ATR 5.5%,kangto_rank_v1,kangto_core_v3,kangto_exit_v2
한화3우B,00088K,CLOSED,0.0,38750.0,43600.0,-9.174311926605505,40112.0,54064.0,INITIAL,2026-09-09,2026-10-06,-11.123853211009171,0.0,-11.69724770642202,,,2026-09-21,39600.0,STOP_LOSS,-9.174311926605505,25.083458083832337,False,COUNTERTREND,FRESH,2026-09-04,41200.0,-5.946601941747575,19,40112.0,-9.560387123687642,대기,C,48.81,화학,58.400000000000006,29.0,RECOVERING,30.95756880733945,False,36.73654708520179,섹터 58 / 대장 29위 / 주봉 RECOVERING / ATR 31.0%,kangto_rank_v1,kangto_core_v3,kangto_exit_v2
HDC,012630,OPEN,100.0,23100.0,24700.0,-6.477732793522262,22724.0,30628.0,INITIAL,2026-09-09,2026-10-06,-6.477732793522262,15.182186234817818,-6.477732793522262,,,,,,0.0,39.34805389221557,False,COUNTERTREND,FRESH,2026-08-05,22200.0,4.054054054054057,40,22724.0,-4.914266706200731,대기,B,61.4,기타금융,74.4,12.0,RECOVERING,4.3117408906882595,False,32.14910313901345,섹터 74 / 대장 12위 / 주봉 RECOVERING / ATR 4.3%,kangto_rank_v1,kangto_core_v3,kangto_exit_v2
키다리스튜디오,020120,CLOSED,0.0,7140.0,7960.0,-10.301507537688437,7323.200000000001,9870.399999999998,INITIAL,2026-09-09,2026-10-06,-10.301507537688437,16.20603015075377,-10.301507537688437,,,2026-10-06,7140.0,STOP_LOSS,-10.301507537688437,86.99550898203593,True,COUNTERTREND,NO_EARLY,,,,,7323.200000000001,-8.738041450366907,대기,B,66.12,IT 서비스,24.4,1.0,STRONG,7.823492462311559,False,91.11995515695068,섹터 24 / 대장 1위 / 주봉 STRONG / ATR 7.8%,kangto_rank_v1,kangto_core_v3,kangto_exit_v2
SK이노베이션,096770,CLOSED,0.0,158000.0,153500.0,-10.94462540716612,141220.0,190340.0,INITIAL,2026-09-09,2026-10-06,2.931596091205213,3.0618892508143425,-11.205211726384368,,,2026-09-14,136700.0,STOP_LOSS,-10.94462540716612,76.58420658682634,True,COUNTERTREND,LATE,2026-08-04,111300.0,41.958670260557064,41,141220.0,4.495062178526743,우선검토,A,76.26,화학,58.400000000000006,2.0,STRONG,5.592833876221499,True,63.15134529147982,섹터 58 / 대장 2위 / 주봉 STRONG / ATR 5.6%,kangto_rank_v1,kangto_core_v3,kangto_exit_v2
컴투스,078340,OPEN,100.0,37200.0,34850.0,6.743185078909608,32062.0,43214.0,INITIAL,2026-09-10,2026-10-06,6.743185078909608,7.604017216642744,-3.73027259684362,,,,,,0.0,77.3622754491018,False,COUNTERTREND,NORMAL,2026-08-05,30950.0,20.19386106623586,40,32062.0,-3.174130793575225,대기,B,56.81,IT 서비스,28.4,25.0,STRONG,6.685796269727404,False,80.39125560538118,섹터 28 / 대장 25위 / 주봉 STRONG / ATR 6.7%,kangto_rank_v1,kangto_core_v3,kangto_exit_v2
티에프이,425420,CLOSED,0.0,68200.0,58900.0,-9.507640067911716,54188.0,73036.0,INITIAL,2026-09-10,2026-10-06,15.789473684210531,25.97623089983021,-10.016977928692693,,,2026-09-14,53300.0,STOP_LOSS_GAP,-9.507640067911716,85.92103293413173,False,COUNTERTREND,NORMAL,2026-09-11,55800.0,22.222222222222232,14,54188.0,5.872157811725698,대기,C,53.41,전기·전자,45.2,22.0,RECOVERING,6.897283531409168,True,86.31053811659193,섹터 45 / 대장 22위 / 주봉 RECOVERING / ATR 6.9%,kangto_rank_v1,kangto_core_v3,kangto_exit_v2
삼천리,004690,OPEN,100.0,127700.0,138000.0,-7.463768115942027,126960.0,171120.0,INITIAL,2026-09-10,2026-10-06,-7.463768115942027,0.0,-7.7536231884058004,,,,,,0.0,26.71369760479042,False,COUNTERTREND,FRESH,2026-08-04,118900.0,7.401177460050468,41,126960.0,-6.148285426346467,우선검토,A,70.86,전기·가스,87.60000000000001,1.0,RECOVERING,2.601449275362319,False,29.85538116591928,섹터 88 / 대장 1위 / 주봉 RECOVERING / ATR 2.6%,kangto_rank_v1,kangto_core_v3,kangto_exit_v2
SK가스,018670,OPEN,100.0,258000.0,252000.0,2.3809523809523725,231840.0,312480.0,INITIAL,2026-09-10,2026-10-06,2.3809523809523725,2.3809523809523725,-5.555555555555558,,,,,,0.0,44.38697604790419,False,COUNTERTREND,FRESH,2026-08-07,228000.0,13.157894736842103,38,231840.0,3.696435070547932,대기,B,55.49,유통,42.0,16.0,RECOVERING,3.9186507936507935,False,32.26008968609865,섹터 42 / 대장 16위 / 주봉 RECOVERING / ATR 3.9%,kangto_rank_v1,kangto_core_v3,kangto_exit_v2
SGC에너지,005090,CLOSED,0.0,48300.0,61200.0,-9.640522875816993,56304.0,75888.0,INITIAL,2026-09-11,2026-10-06,-21.078431372549023,0.0,-22.058823529411764,,,2026-09-15,55300.0,STOP_LOSS,-9.640522875816993,69.28517964071857,False,COUNTERTREND,FRESH,2026-08-04,50400.0,-4.1666666666666625,41,56304.0,-21.5340089415767,대기,B,62.14,전기·가스,93.39999999999999,6.0,RECOVERING,9.113562091503267,True,79.12598130841121,섹터 93 / 대장 6위 / 주봉 RECOVERING / ATR 9.1%,kangto_rank_v1,kangto_core_v3,kangto_exit_v2
다올투자증권,030210,OPEN,100.0,3915.0,4050.0,-3.3333333333333326,3726.0,5022.0,INITIAL,2026-09-11,2026-10-06,-3.3333333333333326,0.12345679012346622,-7.160493827160497,,,,,,0.0,35.5688622754491,False,COUNTERTREND,FRESH,2026-09-11,4050.0,-3.3333333333333326,14,3726.0,-3.788910902361009,대기,C,49.94,증권,37.6,2.0,RECOVERING,2.7530864197530867,False,31.050841121495324,섹터 38 / 대장 2위 / 주봉 RECOVERING / ATR 2.8%,kangto_rank_v1,kangto_core_v3,kangto_exit_v2
IPARK현대산업개발,294870,CLOSED,0.0,21850.0,24850.0,-8.853118712273645,22862.0,30814.0,INITIAL,2026-09-11,2026-10-06,-12.072434607645876,0.0,-12.072434607645876,,,2026-10-01,22650.0,STOP_LOSS,-8.853118712273645,35.124251497005986,False,COUNTERTREND,FRESH,2026-08-25,22400.0,-2.4553571428571397,27,22862.0,-12.528012176673553,우선검토,A,78.64,건설,91.2,3.0,RECOVERING,2.9879275653923543,False,44.70728971962617,섹터 91 / 대장 3위 / 주봉 RECOVERING / ATR 3.0%,kangto_rank_v1,kangto_core_v3,kangto_exit_v2
디지털대성,068930,OPEN,100.0,9150.0,8850.0,3.3898305084745672,8142.0,10974.0,INITIAL,2026-09-14,2026-10-06,3.3898305084745672,11.073446327683612,-1.2429378531073398,,,,,,0.0,77.58458083832335,True,COUNTERTREND,NO_EARLY,,,,,8142.0,-10.632405761186693,대기,B,67.76,일반서비스,25.400000000000002,3.0,STRONG,2.2937853107344632,False,81.15482423335827,섹터 25 / 대장 3위 / 주봉 STRONG / ATR 2.3%,kangto_rank_v1,kangto_core_v3,kangto_exit_v2
리파인,377450,CLOSED,0.0,14150.0,17160.0,-16.95804195804196,15787.2,21278.399999999998,INITIAL,2026-09-14,2026-10-06,-17.540792540792538,0.0,-17.773892773892776,,,2026-09-15,14250.0,STOP_LOSS,-16.95804195804196,75.99139221556887,False,COUNTERTREND,FRESH,2026-08-05,13180.0,7.359635811836118,40,15787.2,-31.563028810453797,대기,B,73.85,IT 서비스,38.8,3.0,STRONG,2.296037296037296,False,87.81899775617053,섹터 39 / 대장 3위 / 주봉 STRONG / ATR 2.3%,kangto_rank_v1,kangto_core_v3,kangto_exit_v2
맵스리얼티,094800,OPEN,100.0,7720.0,7420.0,4.043126684636111,6826.400000000001,9200.8,INITIAL,2026-09-14,2026-10-06,4.043126684636111,7.816711590296488,0.0,,,,,,0.0,68.5441616766467,True,COUNTERTREND,FRESH,2026-08-27,7180.0,7.520891364902504,25,6826.400000000001,0.1980373194453655,대기,B,74.37,기타금융,69.8,12.0,STRONG,2.466307277628032,False,53.31338818249813,섹터 70 / 대장 12위 / 주봉 STRONG / ATR 2.5%,kangto_rank_v1,kangto_core_v3,kangto_exit_v2
동아지질,028100,OPEN,100.0,19670.0,18690.0,5.243445692883886,17194.8,23175.600000000002,INITIAL,2026-09-15,2026-10-06,5.243445692883886,6.688068485821286,0.0,,,,,,0.0,54.35366766467066,False,COUNTERTREND,FRESH,2026-08-03,17380.0,13.176064441887236,42,17194.8,0.5034777423281511,대기,B,77.67,건설,98.4,11.0,STRONG,3.156768325307651,False,41.148148148148145,섹터 98 / 대장 11위 / 주봉 STRONG / ATR 3.2%,kangto_rank_v1,kangto_core_v3,kangto_exit_v2
현대그린푸드,453340,OPEN,100.0,18660.0,19400.0,-3.814432989690719,17848.0,24056.0,INITIAL,2026-09-15,2026-10-06,-3.814432989690719,0.8762886597938113,-6.5463917525773185,,,,,,0.0,46.72118263473054,False,COUNTERTREND,FRESH,2026-08-03,17830.0,4.655075715086943,42,17848.0,-8.554400940246454,대기,B,68.05,유통,33.0,4.0,STRONG,2.7912371134020617,False,49.14814814814815,섹터 33 / 대장 4위 / 주봉 STRONG / ATR 2.8%,kangto_rank_v1,kangto_core_v3,kangto_exit_v2
타이거일렉,219130,PARTIAL,50.0,92200.0,74800.0,23.63101604278075,74800.0,92752.0,50MA,2026-09-16,2026-10-06,23.2620320855615,23.395721925133685,-4.01069518716578,2026-09-30,92752.0,,,,12.0,92.70134730538922,True,COUNTERTREND,NO_EARLY,,,,,68816.0,10.523974780235388,대기,B,60.68,전기·전자,57.6,65.0,GOOD,6.858288770053476,False,90.92894540014959,섹터 58 / 대장 65위 / 주봉 GOOD / ATR 6.9%,kangto_rank_v1,kangto_core_v3,kangto_exit_v2
LX인터내셔널,001120,OPEN,100.0,43300.0,41650.0,3.961584633853543,38318.0,51646.0,INITIAL,2026-09-16,2026-10-06,3.961584633853543,5.882352941176472,-3.481392557022811,,,,,,0.0,50.278068862275454,False,COUNTERTREND,FRESH,2026-09-14,40650.0,6.519065190651907,13,38318.0,0.635877612238378,대기,C,52.96,유통,45.2,24.0,RECOVERING,3.1032412965186076,False,38.02281226626776,섹터 45 / 대장 24위 / 주봉 RECOVERING / ATR 3.1%,kangto_rank_v1,kangto_core_v3,kangto_exit_v2
한양이엔지,045100,OPEN,100.0,34300.0,32100.0,6.853582554517135,29532.0,39804.0,INITIAL,2026-09-18,2026-10-06,6.853582554517135,10.436137071651096,-1.5576323987538943,,,,,,0.0,79.47417664670658,False,COUNTERTREND,NO_EARLY,,,,,29532.0,-4.366071183755428,대기,C,54.83,일반서비스,36.2,29.0,RECOVERING,3.901869158878505,False,82.48148148148148,섹터 36 / 대장 29위 / 주봉 RECOVERING / ATR 3.9%,kangto_rank_v1,kangto_core_v3,kangto_exit_v2
계룡건설,013580,CLOSED,0.0,21500.0,23500.0,-8.723404255319146,21620.0,29140.0,INITIAL,2026-09-18,2026-10-06,-8.510638297872342,0.0,-8.723404255319146,,,2026-10-01,21450.0,STOP_LOSS,-8.723404255319146,23.193862275449103,False,COUNTERTREND,FRESH,2026-09-18,23500.0,-8.510638297872342,9,21620.0,-9.194688583400968,대기,B,60.09,건설,96.4,21.0,RECOVERING,4.0,False,32.96296296296296,섹터 96 / 대장 21위 / 주봉 RECOVERING / ATR 4.0%,kangto_rank_v1,kangto_core_v3,kangto_exit_v2
마이크로컨텍솔,098120,OPEN,100.0,60500.0,57600.0,5.034722222222232,52992.0,71424.0,INITIAL,2026-09-21,2026-10-06,5.034722222222232,5.034722222222232,-3.125,,,,,,0.0,91.84917664670658,True,COUNTERTREND,CLIMAX_RISK,2026-08-14,29100.0,107.90378006872854,33,52992.0,-4.968028085692676,우선검토,A,79.16,전기·전자,74.0,2.0,STRONG,6.901041666666667,False,92.47415730337079,섹터 74 / 대장 2위 / 주봉 STRONG / ATR 6.9%,kangto_rank_v1,kangto_core_v3,kangto_exit_v2
샘씨엔에스,252990,OPEN,100.0,19690.0,18090.0,8.844665561083476,16642.8,22431.600000000002,INITIAL,2026-09-21,2026-10-06,8.844665561083476,11.387506909894963,-3.9800995024875663,,,,,,0.0,90.62649700598803,True,COUNTERTREND,NO_EARLY,,,,,16642.8,-1.1580847468314328,대기,A,78.55,전기·전자,74.0,3.0,STRONG,6.60033167495854,True,90.24943820224719,섹터 74 / 대장 3위 / 주봉 STRONG / ATR 6.6%,kangto_rank_v1,kangto_core_v3,kangto_exit_v2
대원강업,000430,CLOSED,0.0,4400.0,5040.0,-9.126984126984128,4636.8,6249.599999999999,INITIAL,2026-09-21,2026-10-06,-12.698412698412698,0.0,-12.698412698412698,,,2026-09-29,4580.0,STOP_LOSS,-9.126984126984128,44.27582335329341,False,WITH_MARKET,FRESH,2026-08-26,4375.0,0.5714285714285783,26,4636.8,-11.751885154503983,대기,C,51.74,운송장비·부품,17.0,7.0,RECOVERING,4.092261904761905,False,57.73146067415731,섹터 17 / 대장 7위 / 주봉 RECOVERING / ATR 4.1%,kangto_rank_v1,kangto_core_v3,kangto_exit_v2
디아이,003160,PARTIAL,50.0,42450.0,35400.0,21.957627118644062,35400.0,43896.0,50MA,2026-09-21,2026-10-06,19.915254237288128,20.903954802259882,-1.6949152542372836,2026-10-02,43896.0,,,,12.0,84.55014970059881,False,WITH_MARKET,LATE,2026-09-02,30600.0,38.725490196078425,21,32568.0,20.861781781196843,대기,B,56.34,의료·정밀기기,22.0,5.0,RECOVERING,6.059322033898305,True,81.86966292134831,섹터 22 / 대장 5위 / 주봉 RECOVERING / ATR 6.1%,kangto_rank_v1,kangto_core_v3,kangto_exit_v2
케이씨,029460,OPEN,100.0,45450.0,44600.0,1.905829596412567,41032.0,55304.0,INITIAL,2026-09-21,2026-10-06,1.905829596412567,3.6995515695067205,-2.802690582959644,,,,,,0.0,79.17776946107784,True,WITH_MARKET,LATE,2026-08-05,31850.0,42.70015698587126,40,41032.0,2.852357140321282,대기,B,69.76,의료·정밀기기,22.0,1.0,STRONG,4.932735426008969,False,77.75393258426966,섹터 22 / 대장 1위 / 주봉 STRONG / ATR 4.9%,kangto_rank_v1,kangto_core_v3,kangto_exit_v2
미코,059090,OPEN,100.0,24000.0,22600.0,6.194690265486735,20792.0,28024.0,INITIAL,2026-09-22,2026-10-06,6.194690265486735,6.194690265486735,-3.539823008849563,,,,,,0.0,86.29154191616767,True,COUNTERTREND,NORMAL,2026-09-11,20600.0,16.50485436893203,14,20792.0,-4.057233318491792,대기,B,62.05,전기·전자,80.4,56.0,RECOVERING,5.267699115044247,True,87.09775280898876,섹터 80 / 대장 56위 / 주봉 RECOVERING / ATR 5.3%,kangto_rank_v1,kangto_core_v3,kangto_exit_v2
ISC,095340,OPEN,100.0,205500.0,208000.0,-1.2019230769230727,191360.0,257920.0,INITIAL,2026-09-22,2026-10-06,-1.2019230769230727,7.932692307692313,-2.163461538461542,,,,,,0.0,85.47642215568862,False,COUNTERTREND,FRESH,2026-09-22,208000.0,-1.2019230769230727,7,191360.0,-11.4538466609016,대기,B,55.91,유통,60.2,32.0,RECOVERING,5.9735576923076925,True,87.61685393258426,섹터 60 / 대장 32위 / 주봉 RECOVERING / ATR 6.0%,kangto_rank_v1,kangto_core_v3,kangto_exit_v2
심텍,222800,OPEN,100.0,175000.0,148100.0,18.163403106009458,136252.0,183644.0,INITIAL,2026-09-22,2026-10-06,18.163403106009458,18.163403106009458,-0.6076975016880537,,,,,,0.0,92.59019461077844,True,COUNTERTREND,CLIMAX_RISK,2026-08-10,115900.0,50.99223468507334,37,136252.0,7.91147952203093,대기,B,75.24,전기·전자,80.4,19.0,STRONG,6.537812288993923,True,92.62247191011235,섹터 80 / 대장 19위 / 주봉 STRONG / ATR 6.5%,kangto_rank_v1,kangto_core_v3,kangto_exit_v2
티에프이,425420,OPEN,100.0,68200.0,64400.0,5.900621118012417,59248.0,79856.0,INITIAL,2026-09-22,2026-10-06,5.900621118012417,15.217391304347828,-1.7080745341614856,,,,,,0.0,85.92103293413173,False,COUNTERTREND,NORMAL,2026-09-11,55800.0,22.222222222222232,14,59248.0,-4.351302465966111,대기,B,66.1,전기·전자,80.4,12.0,RECOVERING,6.288819875776397,True,86.43033707865169,섹터 80 / 대장 12위 / 주봉 RECOVERING / ATR 6.3%,kangto_rank_v1,kangto_core_v3,kangto_exit_v2
대한항공,003490,OPEN,100.0,31150.0,31400.0,-0.79617834394905,28888.0,38936.0,INITIAL,2026-09-22,2026-10-06,-0.79617834394905,1.9108280254777066,-2.547770700636942,,,,,,0.0,59.8001497005988,True,WITH_MARKET,FRESH,2026-08-07,27150.0,14.73296500920811,38,28888.0,0.2941747668773864,우선검토,S,83.68,운송·창고,73.8,1.0,STRONG,3.5987261146496814,True,48.832584269662924,섹터 74 / 대장 1위 / 주봉 STRONG / ATR 3.6%,kangto_rank_v1,kangto_core_v3,kangto_exit_v2
아시아나항공,020560,OPEN,100.0,8270.0,8370.0,-1.194743130227005,7700.400000000001,10378.8,INITIAL,2026-09-22,2026-10-06,-1.194743130227005,1.7921146953405076,-2.389486260453999,,,,,,0.0,36.64333832335329,False,WITH_MARKET,FRESH,2026-08-10,7210.0,14.701803051317608,37,7700.400000000001,-0.10439001940056869,대기,A,73.04,운송·창고,73.8,4.0,STRONG,3.751493428912784,False,31.183146067415734,섹터 74 / 대장 4위 / 주봉 STRONG / ATR 3.8%,kangto_rank_v1,kangto_core_v3,kangto_exit_v2
한국알콜,017890,OPEN,100.0,15740.0,15390.0,2.274204028589999,14158.800000000001,19083.6,INITIAL,2026-09-23,2026-10-06,2.274204028589999,4.2884990253411415,0.0,,,,,,0.0,82.95696107784431,True,COUNTERTREND,NO_EARLY,,,,,14158.800000000001,-6.659104042649089,대기,A,75.61,화학,61.4,5.0,STRONG,3.221247563352826,False,86.24494382022472,섹터 61 / 대장 5위 / 주봉 STRONG / ATR 3.2%,kangto_rank_v1,kangto_core_v3,kangto_exit_v2
유진테크,084370,OPEN,100.0,180100.0,163600.0,10.085574572127133,150512.0,202864.0,INITIAL,2026-09-23,2026-10-06,10.085574572127133,13.63080684596576,-5.1955990220048935,,,,,,0.0,86.81025449101796,False,COUNTERTREND,FRESH,2026-09-23,163600.0,10.085574572127133,6,150512.0,1.1522665008880448,대기,B,58.19,기계·장비,72.80000000000001,50.0,RECOVERING,5.878667481662592,True,87.9876404494382,섹터 73 / 대장 50위 / 주봉 RECOVERING / ATR 5.9%,kangto_rank_v1,kangto_core_v3,kangto_exit_v2
한솔아이원스,114810,OPEN,100.0,15350.0,14770.0,3.9268788083953954,13588.400000000001,18314.799999999996,INITIAL,2026-09-23,2026-10-06,3.9268788083953954,6.093432633717,0.0,,,,,,0.0,74.84281437125749,False,COUNTERTREND,FRESH,2026-09-23,14770.0,3.9268788083953954,6,13588.400000000001,-5.006429262843692,대기,B,56.34,기계·장비,72.80000000000001,48.0,RECOVERING,5.6093432633716995,False,78.0876404494382,섹터 73 / 대장 48위 / 주봉 RECOVERING / ATR 5.6%,kangto_rank_v1,kangto_core_v3,kangto_exit_v2
저스템,417840,OPEN,100.0,19470.0,17080.0,13.992974238875888,15713.6,21179.199999999997,INITIAL,2026-09-23,2026-10-06,13.992974238875888,13.992974238875888,-0.23419203747072626,,,,,,0.0,90.14483532934132,True,COUNTERTREND,NORMAL,2026-09-11,15720.0,23.85496183206106,14,15713.6,5.0596661676368,대기,B,66.62,기계·장비,72.80000000000001,14.0,STRONG,6.252927400468384,False,89.1370786516854,섹터 73 / 대장 14위 / 주봉 STRONG / ATR 6.3%,kangto_rank_v1,kangto_core_v3,kangto_exit_v2
메가터치,446540,OPEN,100.0,11550.0,10900.0,5.9633027522935755,10028.0,13516.0,INITIAL,2026-09-23,2026-10-06,5.9633027522935755,5.9633027522935755,-7.706422018348624,,,,,,0.0,92.77544910179641,True,COUNTERTREND,CLIMAX_RISK,2026-08-10,7790.0,48.26700898587932,37,10028.0,-2.9700053189455122,우선검토,A,76.21,전기·전자,77.6,3.0,STRONG,7.977064220183486,False,92.4370786516854,섹터 78 / 대장 3위 / 주봉 STRONG / ATR 8.0%,kangto_rank_v1,kangto_core_v3,kangto_exit_v2
SK디스커버리,006120,OPEN,100.0,66300.0,60300.0,9.950248756218905,55476.0,74772.0,INITIAL,2026-09-23,2026-10-06,9.950248756218905,12.43781094527363,0.0,,,,,,0.0,68.69236526946108,False,WITH_MARKET,NORMAL,2026-08-11,53700.0,23.463687150838,36,55476.0,11.920755413545914,대기,A,72.12,기타금융,61.8,3.0,STRONG,4.203980099502488,False,36.74494382022472,섹터 62 / 대장 3위 / 주봉 STRONG / ATR 4.2%,kangto_rank_v1,kangto_core_v3,kangto_exit_v2
S-Oil우,010955,OPEN,100.0,87000.0,84000.0,3.571428571428581,77280.0,104160.0,INITIAL,2026-09-23,2026-10-06,3.571428571428581,5.476190476190479,-4.047619047619044,,,,,,0.0,83.58682634730539,True,WITH_MARKET,LATE,2026-08-06,61400.0,41.693811074918564,39,77280.0,5.54193522875559,우선검토,A,80.58,화학,61.4,2.0,STRONG,4.5476190476190474,False,82.24044943820225,섹터 61 / 대장 2위 / 주봉 STRONG / ATR 4.5%,kangto_rank_v1,kangto_core_v3,kangto_exit_v2
한샘,009240,OPEN,100.0,40050.0,40750.0,-1.717791411042946,37490.0,50530.0,INITIAL,2026-09-28,2026-10-06,-1.717791411042946,0.0,-4.294478527607359,,,,,,0.0,32.04902694610778,False,WITH_MARKET,FRESH,2026-08-04,39000.0,2.6923076923076827,41,37490.0,-2.4674568556025345,대기,B,59.12,유통,38.4,34.0,STRONG,2.607361963190184,False,29.180898876404495,섹터 38 / 대장 34위 / 주봉 STRONG / ATR 2.6%,kangto_rank_v1,kangto_core_v3,kangto_exit_v2
KPX케미칼,025000,OPEN,100.0,57700.0,57700.0,0.0,53084.0,71548.0,INITIAL,2026-09-28,2026-10-06,0.0,0.0,-1.9064124783362169,,,,,,0.0,48.017964071856284,True,WITH_MARKET,FRESH,2026-08-24,54000.0,6.851851851851842,28,53084.0,-0.7496654445595885,대기,B,75.37,화학,51.599999999999994,7.0,STRONG,2.1837088388214907,False,39.74831460674157,섹터 52 / 대장 7위 / 주봉 STRONG / ATR 2.2%,kangto_rank_v1,kangto_core_v3,kangto_exit_v2
쿠쿠홈시스,284740,OPEN,100.0,24450.0,24300.0,0.6172839506172867,22356.0,30132.0,INITIAL,2026-09-28,2026-10-06,0.6172839506172867,2.0576131687242816,-2.0576131687242816,,,,,,0.0,34.642589820359284,False,WITH_MARKET,FRESH,2026-08-24,22850.0,7.002188183807445,28,22356.0,-0.1323814939423018,대기,B,60.5,일반서비스,50.4,26.0,RECOVERING,2.6131687242798356,False,28.10561797752809,섹터 50 / 대장 26위 / 주봉 RECOVERING / ATR 2.6%,kangto_rank_v1,kangto_core_v3,kangto_exit_v2
피에스케이홀딩스,031980,OPEN,100.0,197000.0,180800.0,8.960176991150437,166336.0,224192.0,INITIAL,2026-09-29,2026-10-06,8.960176991150437,8.960176991150437,-1.2168141592920345,,,,,,0.0,91.66392215568862,True,COUNTERTREND,CLIMAX_RISK,2026-08-27,127000.0,55.11811023622046,25,166336.0,0.7088237315599386,우선검토,A,78.29,기계·장비,71.2,5.0,STRONG,7.721238938053097,True,91.96032934131736,섹터 71 / 대장 5위 / 주봉 STRONG / ATR 7.7%,kangto_rank_v1,kangto_core_v3,kangto_exit_v2
티씨케이,064760,OPEN,100.0,296500.0,300000.0,-1.1666666666666714,276000.0,372000.0,INITIAL,2026-09-29,2026-10-06,-1.1666666666666714,4.666666666666663,-1.3333333333333308,,,,,,0.0,82.66055389221556,False,COUNTERTREND,NORMAL,2026-08-14,244000.0,21.51639344262295,33,276000.0,-9.41801992625717,대기,C,51.41,비금속,16.6,1.0,RECOVERING,6.183333333333333,True,85.66167664670658,섹터 17 / 대장 1위 / 주봉 RECOVERING / ATR 6.2%,kangto_rank_v1,kangto_core_v3,kangto_exit_v2
월덱스,101160,OPEN,100.0,32950.0,32250.0,2.170542635658923,29670.0,39990.0,INITIAL,2026-09-29,2026-10-06,2.170542635658923,2.945736434108537,-1.7054263565891459,,,,,,0.0,77.3252245508982,True,COUNTERTREND,NO_EARLY,,,,,29670.0,-6.080810623931575,대기,B,74.67,전기·전자,75.80000000000001,45.0,STRONG,3.511627906976744,False,80.65980538922156,섹터 76 / 대장 45위 / 주봉 STRONG / ATR 3.5%,kangto_rank_v1,kangto_core_v3,kangto_exit_v2
타이거일렉,219130,OPEN,100.0,92200.0,91000.0,1.318681318681314,83720.0,112840.0,INITIAL,2026-09-29,2026-10-06,1.318681318681314,1.4285714285714235,0.0,,,,,,0.0,92.70134730538922,True,COUNTERTREND,NO_EARLY,,,,,83720.0,-6.932671940909184,대기,A,79.63,전기·전자,75.80000000000001,3.0,STRONG,6.065934065934066,False,93.96107784431138,섹터 76 / 대장 3위 / 주봉 STRONG / ATR 6.1%,kangto_rank_v1,kangto_core_v3,kangto_exit_v2
샘씨엔에스,252990,OPEN,100.0,19690.0,19950.0,-1.3032581453634062,18354.0,24738.0,INITIAL,2026-09-29,2026-10-06,-1.3032581453634062,1.0025062656641603,-1.3032581453634062,,,,,,0.0,90.62649700598803,True,COUNTERTREND,NO_EARLY,,,,,18354.0,-9.554611404953905,우선검토,S,80.08,전기·전자,75.80000000000001,2.0,STRONG,6.338345864661655,True,91.18226047904191,섹터 76 / 대장 2위 / 주봉 STRONG / ATR 6.3%,kangto_rank_v1,kangto_core_v3,kangto_exit_v2
케이씨,029460,OPEN,100.0,45450.0,46250.0,-1.7297297297297343,42550.0,57350.0,INITIAL,2026-09-29,2026-10-06,-1.7297297297297343,0.0,-5.081081081081084,,,,,,0.0,79.17776946107784,True,WITH_MARKET,LATE,2026-08-05,31850.0,42.70015698587126,40,42550.0,-2.7569739702195672,대기,B,76.38,의료·정밀기기,47.2,2.0,STRONG,4.172972972972973,False,77.21407185628743,섹터 47 / 대장 2위 / 주봉 STRONG / ATR 4.2%,kangto_rank_v1,kangto_core_v3,kangto_exit_v2
주성엔지니어링,036930,OPEN,100.0,278500.0,232500.0,19.78494623655913,213900.0,288300.0,INITIAL,2026-09-30,2026-10-06,19.78494623655913,19.78494623655913,0.0,,,,,,0.0,96.62874251497006,True,COUNTERTREND,LATE,2026-09-09,206500.0,34.86682808716708,16,213900.0,12.306356197886846,대기,B,72.14,기계·장비,88.0,40.0,STRONG,6.497849462365592,True,95.92592592592592,섹터 88 / 대장 40위 / 주봉 STRONG / ATR 6.5%,kangto_rank_v1,kangto_core_v3,kangto_exit_v2
미코,059090,OPEN,100.0,24000.0,23200.0,3.4482758620689724,21344.0,28768.0,INITIAL,2026-09-30,2026-10-06,3.4482758620689724,3.4482758620689724,0.0,,,,,,0.0,86.29154191616767,True,COUNTERTREND,NORMAL,2026-09-11,20600.0,16.50485436893203,14,21344.0,-4.030314176603311,대기,B,72.57,전기·전자,91.2,36.0,STRONG,5.241379310344827,True,87.14814814814815,섹터 91 / 대장 36위 / 주봉 STRONG / ATR 5.2%,kangto_rank_v1,kangto_core_v3,kangto_exit_v2
한양디지텍,078350,OPEN,100.0,36350.0,31950.0,13.77151799687011,29394.0,39618.0,INITIAL,2026-09-30,2026-10-06,13.77151799687011,13.77151799687011,0.0,,,,,,0.0,89.07035928143712,False,COUNTERTREND,FRESH,2026-09-30,31950.0,13.77151799687011,3,29394.0,6.292927958197826,대기,B,64.86,전기·전자,91.2,26.0,RECOVERING,5.804381846635367,False,87.77777777777777,섹터 91 / 대장 26위 / 주봉 RECOVERING / ATR 5.8%,kangto_rank_v1,kangto_core_v3,kangto_exit_v2
예스티,122640,OPEN,100.0,33800.0,33600.0,0.5952380952380931,30912.0,41664.0,INITIAL,2026-09-30,2026-10-06,0.5952380952380931,2.678571428571419,-0.5952380952380931,,,,,,0.0,84.43899700598803,True,COUNTERTREND,FRESH,2026-09-09,31350.0,7.814992025518341,16,30912.0,-6.8833519434341905,대기,B,66.78,기계·장비,88.0,70.0,STRONG,5.684523809523809,True,86.66666666666667,섹터 88 / 대장 70위 / 주봉 STRONG / ATR 5.7%,kangto_rank_v1,kangto_core_v3,kangto_exit_v2
LX인터내셔널,001120,OPEN,100.0,43300.0,43300.0,0.0,39836.0,53692.0,INITIAL,2026-09-30,2026-10-06,0.0,1.8475750577367167,-1.9630484988452657,,,,,,0.0,50.278068862275454,False,WITH_MARKET,FRESH,2026-09-14,40650.0,6.519065190651907,13,39836.0,-1.5113980029365148,대기,B,56.0,유통,47.2,25.0,RECOVERING,3.3775981524249423,False,37.55555555555556,섹터 47 / 대장 25위 / 주봉 RECOVERING / ATR 3.4%,kangto_rank_v1,kangto_core_v3,kangto_exit_v2
한섬,020000,OPEN,100.0,21600.0,21000.0,2.857142857142847,19320.0,26040.0,INITIAL,2026-09-30,2026-10-06,2.857142857142847,4.52380952380953,0.0,,,,,,0.0,53.72380239520958,False,WITH_MARKET,FRESH,2026-09-28,20350.0,6.142506142506132,5,19320.0,1.3457448542063322,대기,C,54.13,섬유·의류,50.2,14.0,RECOVERING,3.419047619047619,False,42.03703703703704,섹터 50 / 대장 14위 / 주봉 RECOVERING / ATR 3.4%,kangto_rank_v1,kangto_core_v3,kangto_exit_v2
세아제강,306200,OPEN,100.0,155100.0,153200.0,1.2402088772845987,140944.0,189968.0,INITIAL,2026-09-30,2026-10-06,1.2402088772845987,1.2402088772845987,-3.198433420365532,,,,,,0.0,53.87200598802395,False,WITH_MARKET,FRESH,2026-08-10,136300.0,13.793103448275868,37,140944.0,-0.2711891256519161,대기,B,66.16,금속,81.8,12.0,RECOVERING,4.105744125326371,False,41.59259259259259,섹터 82 / 대장 12위 / 주봉 RECOVERING / ATR 4.1%,kangto_rank_v1,kangto_core_v3,kangto_exit_v2
동국산업,005160,OPEN,100.0,4145.0,3970.0,4.4080604534004975,3652.4,4922.799999999999,INITIAL,2026-10-02,2026-10-06,4.4080604534004975,4.4080604534004975,0.0,,,,,,0.0,86.03218562874251,False,COUNTERTREND,NO_EARLY,,,,,3652.4,1.4269456978339923,우선검토,A,72.05,금속,89.4,2.0,RECOVERING,8.36272040302267,False,85.99513473053892,섹터 89 / 대장 2위 / 주봉 RECOVERING / ATR 8.4%,kangto_rank_v1,kangto_core_v3,kangto_exit_v2
심텍홀딩스,036710,OPEN,100.0,5180.0,4960.0,4.435483870967749,4563.2,6150.400000000001,INITIAL,2026-10-02,2026-10-06,4.435483870967749,4.435483870967749,0.0,,,,,,0.0,85.40232035928143,True,COUNTERTREND,FRESH,2026-09-28,4690.0,10.447761194029859,5,4563.2,1.454369115401244,대기,B,63.98,일반서비스,69.80000000000001,20.0,STRONG,5.609879032258065,False,85.5875748502994,섹터 70 / 대장 20위 / 주봉 STRONG / ATR 5.6%,kangto_rank_v1,kangto_core_v3,kangto_exit_v2
인텍플러스,064290,OPEN,100.0,60400.0,59100.0,2.1996615905245376,54372.0,73284.0,INITIAL,2026-10-02,2026-10-06,2.1996615905245376,2.1996615905245376,0.0,,,,,,0.0,92.2937874251497,True,COUNTERTREND,CLIMAX_RISK,2026-09-04,40150.0,50.43586550435866,19,54372.0,-0.7814531650419676,대기,B,81.21,기계·장비,97.8,7.0,STRONG,8.117597292724197,True,92.55314371257485,섹터 98 / 대장 7위 / 주봉 STRONG / ATR 8.1%,kangto_rank_v1,kangto_core_v3,kangto_exit_v2
피에스케이홀딩스,031980,OPEN,100.0,197000.0,197000.0,0.0,181240.0,244280.0,INITIAL,2026-10-06,2026-10-06,0.0,0.0,0.0,,,,,,0.0,91.66392215568862,True,COUNTERTREND,CLIMAX_RISK,2026-08-27,127000.0,55.11811023622046,25,181240.0,0.0,대기,B,83.23,기계·장비,99.2,6.0,STRONG,7.4822335025380715,True,91.66392215568862,섹터 99 / 대장 6위 / 주봉 STRONG / ATR 7.5%,kangto_rank_v1,kangto_core_v3,kangto_exit_v2
상신이디피,091580,OPEN,100.0,24850.0,24850.0,0.0,22862.0,30814.0,INITIAL,2026-10-06,2026-10-06,0.0,0.0,0.0,,,,,,0.0,86.73615269461078,False,COUNTERTREND,FRESH,2026-08-27,22450.0,10.690423162583528,25,22862.0,0.0,대기,B,70.7,전기·전자,96.8,73.0,STRONG,6.086519114688129,False,86.73615269461078,섹터 97 / 대장 73위 / 주봉 STRONG / ATR 6.1%,kangto_rank_v1,kangto_core_v3,kangto_exit_v2
슈프리마,236200,OPEN,100.0,60400.0,60400.0,0.0,55568.0,74896.0,INITIAL,2026-10-06,2026-10-06,0.0,0.0,0.0,,,,,,0.0,84.29079341317366,True,COUNTERTREND,NO_EARLY,,,,,55568.0,0.0,대기,B,79.38,전기·전자,96.8,67.0,STRONG,3.716887417218543,False,84.29079341317366,섹터 97 / 대장 67위 / 주봉 STRONG / ATR 3.7%,kangto_rank_v1,kangto_core_v3,kangto_exit_v2
삼성SDI,006400,OPEN,100.0,575000.0,575000.0,0.0,529000.0,713000.0,INITIAL,2026-10-06,2026-10-06,0.0,0.0,0.0,,,,,,0.0,83.17926646706587,False,WITH_MARKET,FRESH,2026-08-14,516000.0,11.43410852713178,33,529000.0,0.0,대기,B,76.13,전기·전자,96.8,163.0,STRONG,3.817391304347826,True,83.17926646706587,섹터 97 / 대장 163위 / 주봉 STRONG / ATR 3.8%,kangto_rank_v1,kangto_core_v3,kangto_exit_v2
이수페타시스,007660,OPEN,100.0,131900.0,131900.0,0.0,121348.0,163556.0,INITIAL,2026-10-06,2026-10-06,0.0,0.0,0.0,,,,,,0.0,75.69498502994011,False,WITH_MARKET,FRESH,2026-09-23,118900.0,10.933557611438193,6,121348.0,0.0,대기,B,69.7,전기·전자,96.8,81.0,RECOVERING,5.379075056861258,True,75.69498502994011,섹터 97 / 대장 81위 / 주봉 RECOVERING / ATR 5.4%,kangto_rank_v1,kangto_core_v3,kangto_exit_v2
코스맥스,192820,OPEN,100.0,298000.0,298000.0,0.0,274160.0,369520.0,INITIAL,2026-10-06,2026-10-06,0.0,0.0,0.0,,,,,,0.0,78.43675149700599,True,WITH_MARKET,CLIMAX_RISK,2026-08-04,195200.0,52.663934426229496,41,274160.0,0.0,우선검토,A,78.52,화학,67.60000000000001,5.0,STRONG,5.503355704697987,True,78.43675149700599,섹터 68 / 대장 5위 / 주봉 STRONG / ATR 5.5%,kangto_rank_v1,kangto_core_v3,kangto_exit_v2
잇츠한불,226320,OPEN,100.0,11260.0,11260.0,0.0,10359.2,13962.399999999998,INITIAL,2026-10-06,2026-10-06,0.0,0.0,0.0,,,,,,0.0,40.53368263473054,False,WITH_MARKET,FRESH,2026-08-11,11020.0,2.177858439201441,36,10359.2,0.0,대기,B,66.71,화학,67.60000000000001,55.0,STRONG,2.5355239786856125,False,40.53368263473054,섹터 68 / 대장 55위 / 주봉 STRONG / ATR 2.5%,kangto_rank_v1,kangto_core_v3,kangto_exit_v2
LG에너지솔루션,373220,OPEN,100.0,390000.0,390000.0,0.0,358800.0,483600.0,INITIAL,2026-10-06,2026-10-06,0.0,0.0,0.0,,,,,,0.0,39.31100299401197,False,WITH_MARKET,FRESH,2026-08-31,378000.0,3.1746031746031855,23,358800.0,0.0,대기,B,63.69,전기·전자,96.8,213.0,RECOVERING,3.717948717948718,True,39.31100299401197,섹터 97 / 대장 213위 / 주봉 RECOVERING / ATR 3.7%,kangto_rank_v1,kangto_core_v3,kangto_exit_v2
